name,smiles,count
2-Deoxy-D-ribose 5-phosphate,O=CC[C@H](O)[C@H](O)COP(=O)(O)O,13.0
2 Hydroxybutyrate C4H7O3,CC[C@H](O)C(=O)O,7.0
2 Hydroxy hexadecanal C16H32O2,CCCCCCCCCCCCCCC(O)C=O,18.0
2 Hexaprenyl 6 methoxyphenol C37H56O2,COc1cccc(C/C=C(\C)CC/C=C(\C)CC/C=C(\C)CC/C=C(\C)CC/C=C(\C)CCC=C(C)C)c1O,39.0
2-Isopropylmaleate,CC(C)/C(=C/C(=O)O)C(=O)O,11.0
2-keto-4-methylthiobutyrate,CSCCC(=O)C(=O)[O-],9.0
2-Methyl-4-amino-5-hydroxymethylpyrimidine diphosphate,Cc1ncc(COP(=O)(O)OP(=O)(O)O)c(N)n1,18.0
2 methylbutyl acetate C7H14O2,CCC(C)COC(C)=O,9.0
2 methylbutyraldehyde C5H10O,CCC(C)C=O,6.0
2 methyl 1 butanol C5H12O,CCC(C)CO,6.0
2-Methylcitrate,C[C@H](C(=O)O)[C@](O)(CC(=O)O)C(=O)O,14.0
2 methylpropanal C4H8O,CC(C)C=O,5.0
2-Oxobutanoate,CCC(=O)C(=O)[O-],7.0
2 Oxoadipate C6H6O5,O=C([O-])CCCC(=O)C(=O)[O-],11.0
D-Glycerate 2-phosphate,O=C([O-])[C@@H](CO)OP(=O)([O-])[O-],11.0
2 phenylethanol C8H10O,OCCc1ccccc1,9.0
10-Formyltetrahydrofolate,Nc1nc2c(c(=O)[nH]1)N[C@@H](CN(C=O)c1ccc(C(=O)N[C@@H](CCC(=O)O)C(=O)O)cc1)CN2,34.0
3  4 Hydroxyphenyl lactate C9H9O4,O=C(O)C(O)Cc1ccc(O)cc1,13.0
3-(4-Hydroxyphenyl)pyruvate,O=C([O-])C(=O)Cc1ccc(O)cc1,13.0
4 Fumarylacetoacetate C8H6O6,O=C([O-])/C=C/C(=O)CC(=O)CC(=O)[O-],14.0
4 Guanidinobutanamide C5H13N4O,NC(=[NH2+])NCCCC(N)=O,10.0
3  5  Cyclic dAMP C10H11N5O5P,Nc1ncnc2c1ncn2[C@H]1C[C@@H]2OP(=O)(O)OC[C@H]2O1,21.0
4 Guanidinobutanoate C5H11N3O2,N=C(N)NCCCC(=O)[O-],10.0
"3',5'-Cyclic GMP",Nc1nc2c(ncn2[C@@H]2O[C@@H]3COP(=O)([O-])O[C@H]3[C@H]2O)c(=O)[nH]1,23.0
4 Hydroxy 2 oxoglutarate C5H4O6,O=C([O-])C(=O)CC(O)C(=O)[O-],11.0
3-Phospho-D-glyceroyl phosphate,O=C(OP(=O)([O-])[O-])[C@H](O)COP(=O)([O-])[O-],15.0
3-Carboxy-2-hydroxy-4-methylpentanoate,CC(C)[C@H](C(=O)[O-])[C@@H](O)C(=O)[O-],12.0
3-Carboxy-3-hydroxy-4-methylpentanoate,CC(C)[C@@](O)(CC(=O)O)C(=O)O,12.0
1 alpha D Galactosyl myo inositol C12H22O11,OC[C@H]1O[C@H](O[C@H]2[C@@H](O)[C@@H](O)[C@H](O)[C@@H](O)[C@@H]2O)[C@H](O)[C@@H](O)[C@H]1O,23.0
4-Hydroxybenzoate,O=C(O)c1ccc(O)cc1,10.0
1 Acyl sn glycerol 3 phosphate C1920H3622O700P100,*C(=O)OC[C@@H](O)COP(=O)([O-])[O-],12.0
4 hydroxybenoyl CoA C28H36N7O18P3S,CC(C)(COP(=O)(O)OP(=O)(O)OC[C@H]1O[C@@H](n2cnc3c(N)ncnc32)[C@H](O)[C@@H]1OP(=O)(O)O)[C@@H](O)C(=O)NCCC(=O)NCCSC(=O)c1ccc(O)cc1,57.0
3-Carboxy-4-methyl-2-oxopentanoate,CC(C)[C@H](C(=O)[O-])C(=O)C(=O)[O-],12.0
L 4 Hydroxyglutamate semialdehyde C5H9NO4,N[C@@H](C[C@@H](O)C=O)C(=O)O,10.0
1 Methylnicotinamide C7H9N2O,C[n+]1cccc(C(N)=O)c1,10.0
Trans 4 Hydroxy L proline C5H9NO3,O=C([O-])C1CC(O)CN1,9.0
3 Hexaprenyl 4 5 dihydroxybenzoate C37H53O4,CC(C)=CCC/C(C)=C/CC/C(C)=C/CC/C(C)=C/CC/C(C)=C/CC/C(C)=C/Cc1cc(C(=O)[O-])cc(O)c1O,41.0
L 1 Pyrroline 3 hydroxy 5 carboxylate C5H6NO3,O=C(O)[C@@H]1C[C@@H](O)C=N1,9.0
4-Hydroxy-L-threonine,[NH3+][C@H](C(=O)[O-])[C@H](O)CO,9.0
3-Dehydroquinate,O=C1C[C@@](O)(C(=O)[O-])C[C@@H](O)[C@@H]1O,13.0
4-Methyl-5-(2-hydroxyethyl)-thiazole,Cc1ncsc1CCO,9.0
4 Maleylacetoacetate C8H6O6,O=C([O-])/C=C\C(=O)CC(=O)CC(=O)[O-],14.0
1-Pyrroline-5-carboxylate,O=C(O)[C@@H]1CCC=N1,8.0
3-Dehydroshikimate,O=C(O)C1=CC(=O)[C@@H](O)[C@H](O)C1,12.0
4-Methyl-2-oxopentanoate,CC(C)CC(=O)C(=O)O,9.0
3 Dehydrosphinganine C18H38NO2,CCCCCCCCCCCCCCCC(=O)[C@@H](N)CO,21.0
3 Hydroxyanthranilate C7H7NO3,Nc1c(O)cccc1C(=O)[O-],11.0
4-Methyl-5-(2-phosphoethyl)-thiazole,Cc1ncsc1CCOP(=O)([O-])[O-],13.0
(S)-3-Hydroxydecanoyl-CoA,CCCCCCC[C@H](O)CC(=O)SCCNC(=O)CCNC(=O)[C@H](O)C(C)(C)COP(=O)([O-])OP(=O)([O-])OC[C@H]1O[C@@H](n2cnc3c(N)ncnc32)[C@H](O)[C@@H]1OP(=O)([O-])[O-],60.0
4 methylzymosterol C28H46O,CC(C)=CCC[C@@H](C)[C@H]1CC[C@H]2C3=C(CC[C@@]21C)[C@@]1(C)CC[C@H](O)[C@@H](C)[C@@H]1CC3,29.0
"2',3'-Cyclic AMP",Nc1ncnc2c1ncn2[C@@H]1O[C@H](CO)[C@H]2OP(=O)([O-])O[C@H]21,22.0
(S)-3-Hydroxydodecanoyl-CoA,CCCCCCCCC[C@H](O)CC(=O)SCCNC(=O)CCNC(=O)[C@H](O)C(C)(C)COP(=O)([O-])OP(=O)([O-])OC[C@H]1O[C@@H](n2cnc3c(N)ncnc32)[C@H](O)[C@@H]1OP(=O)([O-])[O-],62.0
4-Phospho-L-aspartate,N[C@@H](CC(=O)OP(=O)([O-])[O-])C(=O)[O-],13.0
D-4'-Phosphopantothenate,CC(C)(COP(=O)([O-])O)[C@@H](O)C(=O)NCCC(=O)[O-],19.0
N-((R)-4-Phosphopantothenoyl)-L-cysteine,CC(C)(COP(=O)(O)O)[C@@H](O)C(=O)NCCC(=O)N[C@@H](CS)C(=O)O,25.0
4-(1-D-Ribitylamino)-5-aminouracil,Nc1c(NC[C@H](O)[C@H](O)[C@H](O)CO)[nH]c(=O)[nH]c1=O,19.0
"(R)-2,3-Dihydroxy-3-methylbutanoate",CC(C)(O)[C@@H](O)C(=O)[O-],9.0
(S)-3-Hydroxyhexadecanoyl-CoA,CCCCCCCCCCCCC[C@H](O)CC(=O)SCCNC(=O)CCNC(=O)[C@H](O)C(C)(C)COP(=O)(O)OP(=O)(O)OC[C@H]1O[C@@H](n2cnc3c(N)ncnc32)[C@H](O)[C@@H]1OP(=O)(O)O,66.0
"(R)-2,3-Dihydroxy-3-methylpentanoate",CC[C@@](C)(O)[C@@H](O)C(=O)[O-],10.0
5-amino-1-(5-phospho-D-ribosyl)imidazole-4-carboxylate,Nc1c(C(=O)[O-])[nH+]cn1[C@@H]1O[C@H](COP(=O)([O-])[O-])[C@@H](O)[C@H]1O,22.0
5-Amino-4-oxopentanoate,[NH3+]CC(=O)CCC(=O)[O-],9.0
(S)-3-Hydroxyoctadecanoyl-CoA,CCCCCCCCCCCCCCC[C@H](O)CC(=O)SCCNC(=O)CCNC(=O)[C@H](O)C(C)(C)COP(=O)([O-])OP(=O)([O-])OC[C@H]1O[C@@H](n2cnc3c(N)ncnc32)[C@H](O)[C@@H]1OP(=O)([O-])[O-],68.0
2 3 Disphospho D glycerate C3H3O10P2,O=C([O-])C(COP(=O)([O-])[O-])OP(=O)([O-])[O-],15.0
(S)-2-[5-Amino-1-(5-phospho-D-ribosyl)imidazole-4-carboxamido]succinate,Nc1c(C(=O)N[C@@H](CC(=O)O)C(=O)O)ncn1[C@@H]1O[C@H](COP(=O)(O)O)[C@@H](O)[C@H]1O,30.0
3 Hexaprenyl 4 hydroxy 5 methoxybenzoate C38H55O4,COc1cc(C(=O)O)cc(C/C=C(\C)CC/C=C(\C)CC/C=C(\C)CC/C=C(\C)CC/C=C(\C)CCC=C(C)C)c1O,42.0
5-Amino-6-(5'-phosphoribitylamino)uracil,Nc1c(NC[C@H](O)[C@H](O)[C@H](O)COP(=O)([O-])[O-])[nH]c(=O)[nH]c1=O,23.0
(S)-3-Hydroxytetradecanoyl-CoA,CCCCCCCCCCC[C@H](O)CC(=O)SCCNC(=O)CCNC(=O)[C@H](O)C(C)(C)COP(=O)([O-])OP(=O)([O-])OC[C@H]1O[C@@H](n2cnc3c(N)ncnc32)[C@H](O)[C@@H]1OP(=O)([O-])[O-],64.0
 R  5 Diphosphomevalonate C6H10O10P2,C[C@@](O)(CCOP(=O)([O-])OP(=O)([O-])[O-])CC(=O)[O-],18.0
5-Formyltetrahydrofolate,Nc1nc2c(c(=O)[nH]1)N(C=O)[C@@H](CNc1ccc(C(=O)N[C@@H](CCC(=O)O)C(=O)O)cc1)CN2,34.0
(S)-2-Aceto-2-hydroxybutanoate,CC[C@](O)(C(C)=O)C(=O)O,10.0
C'-(3-Indolyl)-glycerol 3-phosphate,O=P([O-])([O-])OC[C@@H](O)[C@@H](O)c1c[nH]c2ccccc12,19.0
3 Methylbutanal C5H10O,CC(C)CC=O,6.0
2-Aminomalonate semialdehyde,[NH3+][C@@H](C=O)C(=O)[O-],7.0
L-2-Amino-3-oxobutanoate,CC(=O)[C@H]([NH3+])C(=O)[O-],8.0
5-Methylthio-5-deoxy-D-ribose 1-phosphate,CSC[C@H]1O[C@H](OP(=O)([O-])[O-])[C@H](O)[C@@H]1O,15.0
5-Methylthio-5-deoxy-D-ribulose 1-phosphate,CSC[C@@H](O)[C@@H](O)C(=O)COP(=O)([O-])[O-],15.0
1-(2-Carboxyphenylamino)-1-deoxy-D-ribulose 5-phosphate,O=C(O)c1ccccc1NCC(=O)[C@H](O)[C@H](O)COP(=O)(O)O,23.0
2-Dehydro-3-deoxy-D-arabino-heptonate 7-phosphate,O=C(O)C(=O)C[C@@H](O)[C@H](O)[C@H](O)COP(=O)(O)O,18.0
3-Methyl-2-oxobutanoate,CC(C)C(=O)C(=O)[O-],8.0
5-Methylthioadenosine,CSC[C@H]1O[C@@H](n2cnc3c(N)ncnc32)[C@H](O)[C@@H]1O,20.0
5-Methyltetrahydrofolate,CN1c2c(nc(N)[nH]c2=O)NC[C@@H]1CNc1ccc(C(=O)N[C@@H](CCC(=O)[O-])C(=O)[O-])cc1,33.0
 R  5 Phosphomevalonate C6H10O7P,C[C@@](O)(CCOP(=O)([O-])[O-])CC(=O)[O-],14.0
2 Deoxy D glucose C6H12O5,OC[C@H]1OC(O)C[C@@H](O)[C@@H]1O,11.0
(S)-3-Methyl-2-oxopentanoate,CC[C@H](C)C(=O)C(=O)[O-],9.0
2-Dehydropantoate,CC(C)(CO)C(=O)C(=O)[O-],10.0
D Gal alpha 1 6D Glucose C12H22O11,OC[C@H]1O[C@H](OC[C@H]2OC(O)[C@H](O)[C@@H](O)[C@@H]2O)[C@H](O)[C@@H](O)[C@H]1O,23.0
2 Deoxy D glucose 6 phosphate C6H11O8P,O=P(O)(O)OC[C@H]1OC(O)C[C@@H](O)[C@@H]1O,15.0
6-Phospho-D-gluconate,O=C([O-])[C@H](O)[C@@H](O)[C@H](O)[C@H](O)COP(=O)(O)O,17.0
3-Oxodecanoyl-CoA,CCCCCCCC(=O)CC(=O)SCCNC(=O)CCNC(=O)[C@H](O)C(C)(C)COP(=O)(O)OP(=O)(O)OC[C@H]1O[C@@H](n2cnc3c(N)ncnc32)[C@H](O)[C@@H]1OP(=O)(O)O,60.0
"6-phospho-D-glucono-1,5-lactone",O=C1O[C@H](COP(=O)([O-])[O-])[C@@H](O)[C@H](O)[C@H]1O,16.0
2-Deoxy-D-ribose 1-phosphate,O=P(O)(O)OC1C[C@H](O)[C@@H](CO)O1,13.0
3-Oxododecanoyl-CoA,CCCCCCCCCC(=O)CC(=O)SCCNC(=O)CCNC(=O)[C@H](O)C(C)(C)COP(=O)([O-])OP(=O)([O-])OC[C@H]1O[C@@H](n2cnc3c(N)ncnc32)[C@H](O)[C@@H]1OP(=O)([O-])[O-],62.0
3-Oxohexadecanoyl-CoA,CCCCCCCCCCCCCC(=O)CC(=O)SCCNC(=O)CCNC(=O)[C@H](O)C(C)(C)COP(=O)([O-])OP(=O)([O-])OC[C@H]1O[C@@H](n2cnc3c(N)ncnc32)[C@H](O)[C@@H]1OP(=O)([O-])[O-],66.0
8-Amino-7-oxononanoate,CC([NH3+])C(=O)CCCCCC(=O)[O-],13.0
3-Oxooctadecanoyl-CoA,CCCCCCCCCCCCCCCC(=O)CC(=O)SCCNC(=O)CCNC(=O)[C@H](O)C(C)(C)COP(=O)(O)OP(=O)(O)OC[C@H]1O[C@@H](n2cnc3c(N)ncnc32)[C@H](O)[C@@H]1OP(=O)(O)O,68.0
Trans-Aconitate,O=C([O-])C=C(CC(=O)[O-])C(=O)[O-],12.0
3 Oxohexacosyl CoA C47H80N7O18P3S,CCCCCCCCCCCCCCCCCCCCCCCC(=O)CC(=O)SCCNC(=O)CCNC(=O)[C@H](O)C(C)(C)COP(=O)(O)OP(=O)(O)OC[C@H]1O[C@@H](n2cnc3c(N)ncnc32)[C@H](O)[C@@H]1OP(=O)(O)O,76.0
Acyl carrier protein,*S,1.0
3 Hexaprenyl 4 hydroxybenzoate C37H53O3,CC(C)=CCC/C(C)=C/CC/C(C)=C/CC/C(C)=C/CC/C(C)=C/CC/C(C)=C/Cc1cc(C(=O)O)ccc1O,40.0
N2-Acetyl-L-ornithine,CC(=O)N[C@@H](CCCN)C(=O)O,12.0
D Arabinono 1 4 lactone C5H8O5,O=C1O[C@H](CO)[C@@H](O)[C@@H]1O,10.0
O Acetylcarnitine C9H17NO4,CC(=O)O[C@H](CC(=O)O)C[N+](C)(C)C,14.0
3-Oxotetradecanoyl-CoA,CCCCCCCCCCCC(=O)CC(=O)SCCNC(=O)CCNC(=O)[C@H](O)C(C)(C)COP(=O)([O-])OP(=O)([O-])OC[C@H]1O[C@@H](n2cnc3c(N)ncnc32)[C@H](O)[C@@H]1OP(=O)([O-])[O-],64.0
L 2 Aminoadipate 6 semialdehyde C6H11NO3,[NH3+]C(CCCC=O)C(=O)[O-],10.0
L 2 Aminoadipate C6H10NO4,N[C@@H](CCCC(=O)[O-])C(=O)[O-],11.0
3-Phospho-D-glycerate,O=C(O)[C@H](O)COP(=O)(O)O,11.0
L Cystine C6H12N2O4S2,[NH3+][C@@H](CSSC[C@H]([NH3+])C(=O)[O-])C(=O)[O-],14.0
3-Phosphohydroxypyruvate,O=C([O-])C(=O)COP(=O)([O-])[O-],11.0
O-Acetyl-L-serine,CC(=O)OC[C@H]([NH3+])C(=O)[O-],10.0
5-O-(1-Carboxyvinyl)-3-phosphoshikimate,C=C(O[C@@H]1CC(C(=O)[O-])=C[C@@H](OP(=O)([O-])[O-])[C@H]1O)C(=O)[O-],21.0
L Formylkynurenine C11H12N2O4,[NH3+][C@@H](CC(=O)c1ccccc1NC=O)C(=O)[O-],17.0
 R  Acetoin C4H8O2,CC(=O)[C@@H](C)O,6.0
Gamma Amino gamma cyanobutanoate C5H8N2O2,N#CC(N)CCC(=O)O,9.0
L Kynurenine C10H12N2O3,Nc1ccccc1C(=O)C[C@H](N)C(=O)[O-],15.0
N1-Acetylspermidine,CC(=O)NCCC[NH2+]CCCC[NH3+],13.0
Adenine,Nc1ncnc2[nH]cnc12,10.0
4 Acetamidobutanoate C6H10NO3,CC(=O)NCCCC(=O)[O-],10.0
N1 Acetylspermine C12H31N4O,CC(=O)NCCC[NH2+]CCCC[NH2+]CCC[NH3+],17.0
4-Aminobutanoate,NCCCC(=O)O,7.0
N pai  Methyl L histidine C7H11N3O2,Cn1cnc(C[C@H](N)C(=O)O)c1,12.0
Adenosine,Nc1ncnc2c1ncn2[C@@H]1O[C@H](CO)[C@@H](O)[C@H]1O,19.0
N Formyl L tyrosine C10H10NO4,O=CN[C@@H](Cc1ccc(O)cc1)C(=O)O,15.0
S-Formylglutathione,N[C@@H](CCC(=O)N[C@@H](CSC=O)C(=O)NCC(=O)O)C(=O)O,22.0
 S  Squalene 2 3 epoxide C30H50O,CC(C)=CCC/C(C)=C/CC/C(C)=C/CC/C=C(\C)CC/C=C(\C)CC[C@@H]1OC1(C)C,31.0
ADP C10H12N5O10P2,Nc1ncnc2c1ncn2[C@@H]1O[C@H](COP(=O)(O)OP(=O)(O)O)[C@@H](O)[C@H]1O,27.0
4-Aminobutanal,[NH3+]CCCC=O,6.0
Trans 4 Hydroxycinnamate C9H7O3,O=C([O-])C=Cc1ccc(O)cc1,12.0
Aminoacetaldehyde,[NH3+]CC=O,4.0
4-Aminobenzoate,Nc1ccc(C(=O)O)cc1,10.0
Acetoacetyl-CoA,CC(=O)CC(=O)SCCNC(=O)CCNC(=O)[C@H](O)C(C)(C)COP(=O)(O)OP(=O)(O)OC[C@H]1O[C@@H](n2cnc3c(N)ncnc32)[C@H](O)[C@@H]1OP(=O)(O)O,54.0
ADPribose C15H21N5O14P2,Nc1ncnc2c1ncn2[C@@H]1O[C@H](COP(=O)(O)OP(=O)(O)OC[C@H]2OC(O)[C@H](O)[C@@H]2O)[C@@H](O)[C@H]1O,36.0
Aminoacetone,CC(=O)C[NH3+],5.0
4-amino-4-deoxychorismate,C=C(O[C@@H]1C=C(C(=O)[O-])C=C[C@H]1N)C(=O)[O-],16.0
L Arabinitol C5H12O5,OC[C@H](O)C(O)[C@@H](O)CO,10.0
S-Adenosyl-L-homocysteine,Nc1ncnc2c1ncn2[C@@H]1O[C@H](CSCC[C@H](N)C(=O)O)[C@@H](O)[C@H]1O,26.0
4-Amino-5-hydroxymethyl-2-methylpyrimidine,Cc1ncc(CO)c(N)n1,10.0
"2-Amino-4-hydroxy-6-(erythro-1,2,3-trihydroxypropyl)dihydropteridine triphosphate",Nc1nc2c(c(=O)[nH]1)N=C([C@H](O)[C@H](O)COP(=O)(O)OP(=O)(O)OP(=O)(O)O)CN2,30.0
Acetyl-ACP,*SC(C)=O,4.0
ATP C10H12N5O13P3,Nc1ncnc2c1ncn2[C@@H]1O[C@H](COP(=O)(O)OP(=O)(O)OP(=O)(O)O)[C@@H](O)[C@H]1O,31.0
Acetate,CC(=O)O,4.0
5-Amino-1-(5-Phospho-D-ribosyl)imidazole-4-carboxamide,NC(=O)c1ncn([C@@H]2O[C@H](COP(=O)([O-])[O-])[C@@H](O)[C@H]2O)c1N,22.0
5-amino-1-(5-phospho-D-ribosyl)imidazole,Nc1cncn1C1O[C@H](COP(=O)(O)O)[C@@H](O)[C@H]1O,19.0
2-Oxoglutarate,O=C([O-])CCC(=O)C(=O)[O-],10.0
Acetoacetate,C=C(O)CC(=O)O,7.0
But 1 ene 1 2 4 tricarboxylate C7H5O6,O=C([O-])/C=C(/CCC(=O)[O-])C(=O)[O-],13.0
Acetaldehyde,CC=O,3.0
Beta-Alanine,NCCC(=O)[O-],6.0
L-Alanine,CC([NH3+])C(=O)O,6.0
Acetyl-CoA,CC(=O)SCCNC(=O)CCNC(=O)[C@H](O)C(C)(C)COP(=O)([O-])OP(=O)([O-])OC[C@H]1O[C@@H](n2cnc3c(N)ncnc32)[C@H](O)[C@@H]1OP(=O)([O-])[O-],51.0
Biotin,O=C([O-])CCCC[C@@H]1SC[C@@H]2NC(=O)N[C@H]12,16.0
(S)-2-Acetolactate,CC(=O)[C@](C)(O)C(=O)O,9.0
Allophanate C2H3N2O3,NC(=O)NC(=O)O,7.0
Allantoin,NC(=O)NC1NC(=O)NC1=O,11.0
Acetic ester C4H8O2,*OC(C)=O,4.0
CAMP C10H11N5O6P,Nc1ncnc2c1ncn2[C@@H]1O[C@@H]2COP(=O)(O)O[C@H]2[C@H]1O,22.0
N-Acetyl-L-glutamyl 5-phosphate,CC(=O)N[C@@H](CCC(=O)OP(=O)(O)O)C(=O)O,17.0
2  3 Carboxy 3 aminopropyl  L histidine C10H16N4O4,NC(CCc1ncc(C[C@H](N)C(=O)O)[nH]1)C(=O)O,18.0
Allantoate,NC(=O)NC(NC(N)=O)C(=O)O,12.0
N-Acetyl-L-glutamate 5-semialdehyde,CC(=O)N[C@@H](CCC=O)C(=O)O,12.0
N-Carbamoyl-L-aspartate,NC(=O)N[C@@H](CC(=O)[O-])C(=O)[O-],12.0
N-Acetyl-D-glucosamine 1-phosphate,CC(=O)N[C@H]1C(OP(=O)(O)O)O[C@H](CO)[C@@H](O)[C@@H]1O,19.0
S aminomethyldihydrolipoamide C9H21N2OS2,NCSCCC(S)CCCCC(N)=O,14.0
N-Acetyl-D-glucosamine 6-phosphate,CC(=O)N[C@H]1C(O)O[C@H](COP(=O)([O-])[O-])[C@@H](O)[C@@H]1O,19.0
N-Acetyl-L-glutamate,CC(=O)N[C@@H](CCC(=O)O)C(=O)O,13.0
Carbamoyl phosphate,NC(=O)OP(=O)([O-])[O-],8.0
O Acetyl L homoserine C6H11NO4,CC(=O)OCC[C@H](N)C(=O)O,11.0
S-Adenosyl-L-methionine,C[S@@+](CC[C@H](N)C(=O)O)C[C@H]1O[C@@H](n2cnc3c(N)ncnc32)[C@H](O)[C@@H]1O,27.0
CDP C9H12N3O11P2,Nc1ccn([C@@H]2O[C@H](COP(=O)(O)OP(=O)(O)O)[C@@H](O)[C@H]2O)c(=O)n1,25.0
S-Adenosylmethioninamine,C[S+](CCCN)C[C@H]1O[C@@H](n2cnc3c(N)ncnc32)[C@H](O)[C@@H]1O,24.0
CDPcholine C14H25N4O11P2,C[N+](C)(C)CCOP(=O)(O)OP(=O)(O)OC[C@H]1O[C@@H](n2ccc(N)nc2=O)[C@H](O)[C@@H]1O,31.0
S-Adenosyl-4-methylthio-2-oxobutanoate,C[S+](CCC(=O)C(=O)[O-])C[C@H]1O[C@@H](n2cnc3c(N)ncnc32)[C@H](O)[C@@H]1O,27.0
AMP C10H12N5O7P,Nc1ncnc2c1ncn2[C@@H]1O[C@H](COP(=O)(O)O)[C@@H](O)[C@H]1O,23.0
CDPethanolamine C11H19N4O11P2,Nc1ccn([C@@H]2O[C@H](COP(=O)([O-])OP(=O)([O-])OCC[NH3+])[C@@H](O)[C@H]2O)c(=O)n1,28.0
Anthranilate,Nc1ccccc1C(=O)O,10.0
"P1,P4-Bis(5'-adenosyl) tetraphosphate",Nc1ncnc2c1ncn2[C@@H]1O[C@H](COP(=O)([O-])OP(=O)([O-])OP(=O)([O-])OP(=O)([O-])OC[C@H]2O[C@@H](n3cnc4c(N)ncnc43)[C@H](O)[C@@H]2O)[C@@H](O)[C@H]1O,53.0
3 Aminopropanal C3H8NO,NCCC=O,5.0
Alpha Aminopropiononitrile C3H7N2,CC(N)C#N,5.0
N Acetylputrescine C6H15N2O,CC(=O)NCCCC[NH3+],9.0
Adenosine 5'-phosphosulfate,Nc1ncnc2c1ncn2[C@@H]1O[C@H](COP(=O)([O-])OS(=O)(=O)[O-])[C@@H](O)[C@H]1O,27.0
D Arabinose C5H10O5,OC1OC[C@@H](O)[C@@H](O)[C@@H]1O,10.0
L-Arabinose,O=C[C@H](O)[C@@H](O)[C@@H](O)CO,10.0
L-Arginine,NC(=[NH2+])NCCC[C@H]([NH3+])C(=O)O,12.0
Cys Gly C5H10N2O3S,[NH3+][C@@H](CS)C(=O)NCC(=O)[O-],11.0
Methanethiol CH4S,CS,2.0
N(omega)-(L-Arginino)succinate,[NH2+]=C(NCCC[C@H]([NH3+])C(=O)[O-])NC(CC(=O)[O-])C(=O)[O-],20.0
"N6-(1,2-Dicarboxyethyl)-AMP",O=C([O-])CC(Nc1ncnc2c1ncn2[C@@H]1O[C@H](COP(=O)([O-])[O-])[C@@H](O)[C@H]1O)C(=O)[O-],31.0
DCDP C9H12N3O10P2,Nc1ccn([C@H]2C[C@H](O)[C@@H](COP(=O)(O)OP(=O)(O)O)O2)c(=O)n1,24.0
Choline C5H14NO,C[N+](C)(C)CCO,7.0
L-Asparagine,NC(=O)CC(N)C(=O)O,9.0
DCMP C9H12N3O7P,Nc1ccn([C@H]2C[C@H](O)[C@@H](COP(=O)(O)O)O2)c(=O)n1,20.0
DCTP C9H12N3O13P3,Nc1ccn([C@H]2C[C@H](O)[C@@H](COP(=O)([O-])OP(=O)([O-])OP(=O)([O-])[O-])O2)c(=O)n1,28.0
Choline phosphate C5H13NO4P,C[N+](C)(C)CCOP(=O)([O-])[O-],11.0
Deoxycytidine,Nc1ccn([C@H]2C[C@H](O)[C@@H](CO)O2)c(=O)n1,16.0
Chorismate,C=C(O[C@@H]1C=C(C(=O)O)C=C[C@H]1O)C(=O)O,16.0
Trans-Dodec-2-enoyl-CoA,CCCCCCCCC/C=C/C(=O)SCCNC(=O)CCNC(=O)[C@H](O)C(C)(C)COP(=O)([O-])OP(=O)([O-])OC[C@H]1O[C@@H](n2cnc3c(N)ncnc32)[C@H](O)[C@@H]1OP(=O)([O-])[O-],61.0
Citrate,O=C(O)CC(O)(CC(=O)O)C(=O)[O-],13.0
L-Aspartate,N[C@@H](CC(=O)O)C(=O)O,9.0
L-Citrulline,NC(=O)NCCCC(N)C(=O)O,12.0
Dodecanoyl-CoA (n-C12:0CoA),CCCCCCCCCCCC(=O)SCCNC(=O)CCNC(=O)[C@H](O)C(C)(C)COP(=O)(O)OP(=O)(O)OC[C@H]1O[C@@H](n2cnc3c(N)ncnc32)[C@H](O)[C@@H]1OP(=O)(O)O,61.0
2 3 Carboxy 3  methylammonio propyl L histidine C11H18N4O4,C[NH2+]C(CCc1nc(C[C@H](N)C(=O)O)c[nH]1)C(=O)O,19.0
DGDP C10H12N5O10P2,Nc1nc2c(ncn2[C@H]2C[C@H](O)[C@@H](COP(=O)([O-])OP(=O)([O-])[O-])O2)c(=O)[nH]1,27.0
L-Aspartate 4-semialdehyde,N[C@@H](CC=O)C(=O)O,8.0
CMP C9H12N3O8P,Nc1ccn([C@@H]2O[C@H](COP(=O)([O-])[O-])[C@@H](O)[C@H]2O)c(=O)n1,21.0
L-Allo-threonine,C[C@H](O)[C@H]([NH3+])C(=O)[O-],8.0
DGMP C10H12N5O7P,Nc1nc2c(ncn2[C@H]2C[C@H](O)[C@@H](COP(=O)([O-])[O-])O2)c(=O)[nH]1,23.0
Deoxyguanosine,Nc1nc2c(ncn2[C@H]2C[C@H](O)[C@@H](CO)O2)c(=O)[nH]1,19.0
2 Amino 3 carboxymuconate semialdehyde C7H6NO5,[NH3+]/C(C(=O)[O-])=C(/C=C\C=O)C(=O)[O-],13.0
CO2 CO2,O=C=O,3.0
DGTP C10H12N5O13P3,Nc1nc2c(ncn2[C@H]2C[C@H](O)[C@@H](COP(=O)(O)OP(=O)(O)OP(=O)(O)O)O2)c(=O)[nH]1,31.0
Dihydroxyacetone,O=C(CO)CO,6.0
Dihydroxyacetone phosphate,O=C(CO)COP(=O)(O)O,10.0
"7,8-Dihydrofolate",Nc1nc2c(c(=O)[nH]1)N=C(CNc1ccc(C(=O)N[C@@H](CCC(=O)O)C(=O)O)cc1)CN2,32.0
Dihydrolipoamide C8H17NOS2,NC(=O)CCCCC(S)CCS,12.0
D-Fructose 1-phosphate,O=P(O)(O)OCC1(O)O[C@H](CO)[C@@H](O)[C@@H]1O,16.0
Coenzyme A,CC(C)(COP(=O)([O-])OP(=O)([O-])OC[C@H]1O[C@@H](n2cnc3c(N)ncnc32)[C@H](O)[C@@H]1OP(=O)([O-])[O-])[C@@H](O)C(=O)NCCC(=O)NCCS,48.0
Dihydroneopterin,Nc1nc2c(c(=O)[nH]1)N=C([C@H](O)[C@H](O)CO)CN2,18.0
(S)-Dihydroorotate,O=C1C[C@@H](C(=O)O)NC(=O)N1,11.0
Dihydroneopterin monophosphate,Nc1nc2c(c(=O)[nH]1)N=C([C@H](O)[C@H](O)COP(=O)(O)O)CN2,22.0
Dihydropteroate,Nc1nc2c(c(=O)[nH]1)N=C(CNc1ccc(C(=O)[O-])cc1)CN2,23.0
D Fructose 2 6 bisphosphate C6H10O12P2,O=P([O-])([O-])OC[C@H]1O[C@@](CO)(OP(=O)([O-])[O-])[C@@H](O)[C@@H]1O,20.0
P coumaroyl CoA C30H38N7O18P3S1,CC(C)(COP(=O)(O)OP(=O)(O)OC[C@H]1O[C@@H](n2cnc3c(N)ncnc32)[C@H](O)[C@@H]1OP(=O)(O)O)[C@@H](O)C(=O)NCCC(=O)NCCSC(=O)C=Cc1ccc(O)cc1,59.0
Coproporphyrinogen III,Cc1c2[nH]c(c1CCC(=O)O)Cc1[nH]c(c(CCC(=O)O)c1C)Cc1[nH]c(c(CCC(=O)O)c1C)Cc1[nH]c(c(C)c1CCC(=O)O)C2,48.0
Deoxyinosine,O=c1[nH]cnc2c1ncn2[C@H]1C[C@H](O)[C@@H](CO)O1,18.0
D-Fructose 6-phosphate,O=P(O)(O)OC[C@H]1O[C@](O)(CO)[C@@H](O)[C@@H]1O,16.0
Flavin adenine dinucleotide oxidized,Cc1cc2nc3c(=O)[nH]c(=O)nc-3n(C[C@H](O)[C@H](O)[C@H](O)COP(=O)(O)OP(=O)(O)OC[C@H]3O[C@@H](n4cnc5c(N)ncnc54)[C@H](O)[C@@H]3O)c2cc1C,53.0
L-Carnitine,C[N+](C)(C)C[C@H](O)CC(=O)[O-],11.0
"2,3-diketo-5-methylthio-1-phosphopentane",CSCCC(=O)C(=O)COP(=O)([O-])[O-],14.0
Flavin adenine dinucleotide reduced,Cc1cc2c(cc1C)N(C[C@H](O)[C@H](O)[C@H](O)COP(=O)(O)OP(=O)(O)OC[C@H]1O[C@@H](n3cnc4c(N)ncnc43)[C@H](O)[C@@H]1O)c1[nH]c(=O)[nH]c(=O)c1N2,53.0
Formaldehyde,C=O,2.0
"6,7-Dimethyl-8-(1-D-ribityl)lumazine",Cc1nc2c(=O)[n-]c(=O)nc-2n(C[C@H](O)[C@H](O)[C@H](O)CO)c1C,23.0
Dimethylallyl diphosphate,CC(C)=CCOP(=O)([O-])OP(=O)([O-])[O-],14.0
"D-Fructose 1,6-bisphosphate",O=P(O)(O)OC[C@H]1OC(O)(COP(=O)(O)O)[C@@H](O)[C@@H]1O,20.0
Deamino-NAD+,Nc1ncnc2c1ncn2[C@@H]1O[C@H](COP(=O)([O-])OP(=O)([O-])OC[C@H]2O[C@@H]([n+]3cccc(C(=O)[O-])c3)[C@H](O)[C@@H]2O)[C@@H](O)[C@H]1O,44.0
Cytosine,Nc1cc[nH]c(=O)n1,8.0
Fe2+ mitochondria,[Fe+2],1.0
CTP C9H12N3O14P3,Nc1ccn([C@@H]2O[C@H](COP(=O)([O-])OP(=O)([O-])OP(=O)([O-])O)[C@@H](O)[C@H]2O)c(=O)n1,29.0
Fecosterol C28H46O,C=C(CC[C@@H](C)[C@H]1CC[C@H]2C3=C(CC[C@@]21C)[C@@]1(C)CC[C@H](O)C[C@@H]1CC3)C(C)C,29.0
L-Cysteine,NC(C[S-])C(=O)[O-],7.0
Dephospho-CoA,CC(C)(COP(=O)(O)OP(=O)(O)OC[C@H]1O[C@@H](n2cnc3c(N)ncnc32)[C@H](O)[C@@H]1O)[C@@H](O)C(=O)NCCC(=O)NCCS,44.0
L-Cystathionine,N[C@@H](CCSC[C@H](N)C(=O)O)C(=O)O,14.0
N2-Formyl-N1-(5-phospho-D-ribosyl)glycinamide,O=CNCC(=O)NC1O[C@H](COP(=O)([O-])[O-])[C@@H](O)[C@H]1O,20.0
Deoxyribose C5H10O4,OC[C@H]1OC(O)C[C@@H]1O,9.0
Dihydrosirohydrochlorin,C[C@@]1(CC(=O)[O-])/C2=C/c3[nH]c(c(CCC(=O)[O-])c3CC(=O)[O-])Cc3[nH]c(c(CC(=O)[O-])c3CCC(=O)[O-])/C=C3\[NH2+]/C(=C\C(=N2)[C@H]1CCC(=O)[O-])[C@@](C)(CC(=O)[O-])[C@@H]3CCC(=O)[O-],62.0
Cytidine,Nc1ccn([C@@H]2O[C@H](CO)[C@@H](O)[C@H]2O)c(=O)n1,17.0
FMN C17H19N4O9P,Cc1cc2nc3c(=O)[n-]c(=O)nc-3n(C[C@H](O)[C@H](O)[C@H](O)COP(=O)([O-])[O-])c2cc1C,31.0
Dethiobiotin,C[C@@H]1NC(=O)N[C@@H]1CCCCCC(=O)O,15.0
DTDP C10H13N2O11P2,Cc1cn([C@H]2C[C@H](O)[C@@H](COP(=O)([O-])OP(=O)([O-])[O-])O2)c(=O)[nH]c1=O,25.0
DTMP C10H13N2O8P,Cc1cn([C@H]2C[C@H](O)[C@@H](COP(=O)(O)O)O2)c(=O)[nH]c1=O,21.0
Deoxyadenosine,Nc1ncnc2c1ncn2[C@H]1C[C@H](O)[C@@H](CO)O1,18.0
DTTP C10H13N2O14P3,Cc1cn([C@H]2C[C@H](O)[C@@H](COP(=O)([O-])OP(=O)([O-])OP(=O)([O-])[O-])O2)c(=O)[nH]c1=O,29.0
Reduced FMN,Cc1cc2c(cc1C)N(C[C@H](O)[C@H](O)[C@H](O)COP(=O)([O-])[O-])c1[n-]c(=O)[nH]c(=O)c1N2,31.0
DADP C10H12N5O9P2,Nc1ncnc2c1ncn2[C@H]1C[C@H](O)[C@@H](COP(=O)(O)OP(=O)(O)O)O1,26.0
DUDP C9H11N2O11P2,O=c1ccn([C@H]2C[C@H](O)[C@@H](COP(=O)([O-])OP(=O)([O-])[O-])O2)c(=O)[nH]1,24.0
Formate,O=CO,3.0
DUMP C9H11N2O8P,O=c1ccn([C@H]2C[C@H](O)[C@@H](COP(=O)([O-])[O-])O2)c(=O)[nH]1,20.0
DAMP C10H12N5O6P,Nc1ncnc2c1ncn2[C@H]1C[C@H](O)[C@@H](COP(=O)(O)O)O1,22.0
2-(Formamido)-N1-(5-phospho-D-ribosyl)acetamidine,N=C(CNC=O)NC1O[C@H](COP(=O)(O)O)[C@@H](O)[C@H]1O,20.0
5-Formamido-1-(5-phospho-D-ribosyl)imidazole-4-carboxamide,NC(=O)c1ncn([C@@H]2O[C@H](COP(=O)([O-])[O-])[C@@H](O)[C@H]2O)c1NC=O,24.0
Deoxyuridine,O=c1ccn([C@H]2C[C@H](O)[C@@H](CO)O2)c(=O)[nH]1,16.0
"7,8-Diaminononanoate",CC(N)C(N)CCCCCC(=O)[O-],13.0
Farnesyl diphosphate,CC(C)=CCCC(C)=CCCC(C)=CCOP(=O)(O)OP(=O)(O)O,24.0
DUTP C9H11N2O14P3,O=c1ccn([C@H]2C[C@H](O)[C@@H](COP(=O)(O)OP(=O)(O)OP(=O)(O)O)O2)c(=O)[nH]1,28.0
DATP C10H12N5O12P3,Nc1ncnc2c1ncn2[C@H]1C[C@H](O)[C@@H](COP(=O)([O-])OP(=O)([O-])OP(=O)([O-])O)O1,30.0
L erythro 4 Hydroxyglutamate C5H8NO5,N[C@@H](C[C@@H](O)C(=O)O)C(=O)O,11.0
"3,4-dihydroxy-2-butanone 4-phosphate",CC(=O)C(O)COP(=O)(O)O,11.0
Trans-Dec-2-enoyl-CoA,CCCCCCC/C=C/C(=O)SCCNC(=O)CCNC(=O)[C@H](O)C(C)(C)COP(=O)(O)OP(=O)(O)OC[C@H]1O[C@@H](n2cnc3c(N)ncnc32)[C@H](O)[C@@H]1OP(=O)(O)O,59.0
D-Erythrose 4-phosphate,O=C[C@H](O)[C@H](O)COP(=O)(O)O,12.0
D-Fructose,OCC1(O)OC[C@@H](O)[C@@H](O)[C@@H]1O,12.0
Fumarate,O=C([O-])C=CC(=O)[O-],8.0
D-erythro-1-(Imidazol-4-yl)glycerol 3-phosphate,O=P(O)(O)OC[C@@H](O)[C@@H](O)c1c[nH]cn1,15.0
Episterol C28H46O,C=C(CC[C@@H](C)[C@H]1CC[C@H]2C3=CC[C@H]4C[C@@H](O)CC[C@]4(C)[C@H]3CC[C@@]21C)C(C)C,29.0
D-Glucose 1-phosphate,O=P(O)(O)O[C@H]1O[C@H](CO)[C@@H](O)[C@H](O)[C@H]1O,16.0
Glycerol 3-phosphate,O=P([O-])([O-])OC[C@H](O)CO,10.0
Glyceraldehyde 3-phosphate,O=CC(O)COP(=O)(O)O,10.0
Sn-Glycero-3-phosphocholine,C[N+](C)(C)CCOP(=O)([O-])OC[C@H](O)CO,16.0
Epimelibiose C12H22O11,OC[C@H]1O[C@H](OC[C@H]2O[C@H](O)[C@H](O)[C@@H](O)[C@H]2O)[C@@H](O)[C@@H](O)[C@@H]1O,23.0
Sn-Glycero-3-phospho-1-inositol,O=P([O-])(OC[C@H](O)CO)O[C@H]1[C@H](O)[C@@H](O)[C@H](O)[C@@H](O)[C@H]1O,21.0
Ergosterol C28H44O,CC(C)[C@@H](C)/C=C/[C@@H](C)[C@H]1CC[C@H]2C3=CC=C4C[C@@H](O)CC[C@]4(C)[C@H]3CC[C@@]21C,29.0
Glycerol,OCC(O)CO,6.0
Beta D glucose 6 phosphate C6H11O9P,O=P([O-])([O-])OC[C@H]1O[C@@H](O)[C@H](O)[C@@H](O)[C@@H]1O,16.0
D-Glucose 6-phosphate,O=P([O-])([O-])OC[C@H]1OC(O)[C@H](O)[C@@H](O)[C@@H]1O,16.0
Ergosta 5 7 22 24  28  tetraen 3beta ol C28H42O,C=C(/C=C/[C@@H](C)[C@H]1CC[C@H]2C3=CC=C4C[C@@H](O)CC[C@]4(C)[C@H]3CC[C@@]21C)C(C)C,29.0
Alpha-D-Galactose 1-phosphate,O=P(O)(O)OC1O[C@H](CO)[C@H](O)[C@H](O)[C@H]1O,16.0
D-Galactose,OC[C@H]1OC(O)[C@H](O)[C@@H](O)[C@H]1O,12.0
GMP C10H12N5O8P,Nc1nc2c(ncn2[C@@H]2O[C@H](COP(=O)([O-])[O-])[C@@H](O)[C@H]2O)c(=O)[nH]1,24.0
Ethanolamine,[NH3+]CCO,4.0
D-Galacturonate,O=C(O)[C@H]1OC(O)[C@H](O)[C@@H](O)[C@H]1O,13.0
"P1,P4-Bis(5'-guanosyl) tetraphosphate",Nc1nc2c(ncn2[C@@H]2O[C@H](COP(=O)(O)OP(=O)(O)OP(=O)(O)OP(=O)(O)OC[C@H]3O[C@@H](n4cnc5c(=O)[nH]c(N)nc54)[C@H](O)[C@@H]3O)[C@@H](O)[C@H]2O)c(=O)[nH]1,55.0
D-Glucosamine 1-phosphate,N[C@H]1[C@@H](OP(=O)(O)O)O[C@H](CO)[C@@H](O)[C@@H]1O,16.0
Geranyl diphosphate,CC(C)=CCC/C(C)=C/COP(=O)(O)OP(=O)(O)O,19.0
Ethanolamine phosphate C2H7NO4P,NCCOP(=O)(O)O,8.0
D-Glucosamine 6-phosphate,N[C@H]1C(O)O[C@H](COP(=O)(O)O)[C@@H](O)[C@@H]1O,16.0
Ethanol,CCO,3.0
Guanosine,Nc1nc2c(ncn2[C@@H]2O[C@H](CO)[C@@H](O)[C@H]2O)c(=O)[nH]1,20.0
N1-(5-Phospho-D-ribosyl)glycinamide,[NH3+]CC(=O)NC1O[C@H](COP(=O)([O-])[O-])[C@@H](O)[C@H]1O,18.0
Glycolaldehyde,O=CCO,4.0
Oxidized glutathione,N[C@@H](CCC(=O)N[C@@H](CSSC[C@H](NC(=O)CC[C@H](N)C(=O)O)C(=O)NCC(=O)O)C(=O)NCC(=O)O)C(=O)O,40.0
GDP C10H12N5O11P2,Nc1nc2c(ncn2[C@@H]2O[C@H](COP(=O)(O)OP(=O)(O)O)[C@@H](O)[C@H]2O)c(=O)[nH]1,28.0
Reduced glutathione,N[C@@H](CCC(=O)N[C@@H](CS)C(=O)NCC(=O)O)C(=O)O,20.0
Trans Hexacos 2 enoyl CoA C47H80N7O17P3S,CCCCCCCCCCCCCCCCCCCCCCC/C=C/C(=O)SCCNC(=O)CCNC(=O)[C@H](O)C(C)(C)COP(=O)(O)OP(=O)(O)OC[C@H]1O[C@@H](n2cnc3c(N)ncnc32)[C@H](O)[C@@H]1OP(=O)(O)O,75.0
GDP-D-mannose,Nc1nc2c(ncn2[C@@H]2O[C@H](COP(=O)([O-])OP(=O)([O-])OC3O[C@H](CO)[C@@H](O)[C@H](O)[C@@H]3O)[C@@H](O)[C@H]2O)c(=O)[nH]1,39.0
Hexadecanal C16H32O,CCCCCCCCCCCCCCCC=O,17.0
Indole 3 acetamide C10H10N2O,NC(=O)Cc1c[nH]c2ccccc12,13.0
Isoamyl acetate C7H14O2,CC(=O)OCCC(C)C,9.0
Geranylgeranyl diphosphate C20H33O7P2,CC(C)=CCCC(C)=CCCC(C)=CCCC(C)=CCOP(=O)([O-])OP(=O)([O-])[O-],29.0
Galactosylglycerol C9H18O8,OC[C@@H](O)CO[C@@H]1O[C@H](CO)[C@H](O)[C@H](O)[C@H]1O,17.0
GTP C10H12N5O14P3,Nc1nc2c(ncn2[C@@H]2O[C@H](COP(=O)([O-])OP(=O)([O-])OP(=O)([O-])[O-])[C@@H](O)[C@H]2O)c(=O)[nH]1,32.0
Isoamyl alcohol C5H12O,CC(C)CCO,6.0
D-Glucose,OC[C@H]1OC(O)[C@H](O)[C@@H](O)[C@@H]1O,12.0
Guanine,Nc1nc2[nH]cnc2c(=O)[nH]1,11.0
L-Glutamine,NC(=O)CCC([NH3+])C(=O)O,10.0
Iminoaspartate,[NH2+]=C(CC(=O)[O-])C(=O)[O-],9.0
Isobutyl acetate C6H12O2,CC(=O)OCC(C)C,8.0
Hydrogen peroxide,[O-]O,2.0
Isobutyl alcohol C4H10O,CC(C)CO,5.0
Isocitrate,O=C([O-])CC(C(=O)[O-])C(O)C(=O)[O-],13.0
L-Glutamate 5-phosphate,[NH3+][C@@H](CCC(=O)OP(=O)([O-])[O-])C(=O)[O-],14.0
L-Glutamate 5-semialdehyde,[NH3+][C@@H](CCC=O)C(=O)[O-],9.0
H2O H2O,[OH4+2],1.0
Indole 3 acetaldehyde C10H9NO,O=CCc1c[nH]c2ccccc12,12.0
L-Glutamate,[2H]C([2H])(C(=O)O)C([2H])([2H])C([2H])(N)C(=O)O,10.0
IDP C10H11N4O11P2,O=c1[nH]cnc2c1ncn2[C@@H]1O[C@H](COP(=O)(O)OP(=O)(O)O)[C@@H](O)[C@H]1O,27.0
L-Isoleucine,CC[C@H](C)[C@H](N)C(=O)[O-],9.0
5 L Glutamyl L alanine C8H13N2O5,C[C@H](NC(=O)CC[C@H]([NH3+])C(=O)[O-])C(=O)[O-],15.0
Gamma-L-Glutamyl-L-cysteine,N[C@@H](CCC(=O)N[C@@H](CS)C(=O)O)C(=O)O,16.0
Glyoxylate,O=CC(=O)[O-],5.0
Hydrogen sulfide,[SH3+],1.0
3 Hydroxy L kynurenine C10H12N2O4,Nc1c(O)cccc1C(=O)C[C@H](N)C(=O)O,16.0
3-(Imidazol-4-yl)-2-oxopropyl phosphate,O=C(COP(=O)([O-])[O-])Cc1c[nH]cn1,14.0
H+,[H+],0.0
IMP C10H11N4O8P,O=c1[nH]cnc2c1ncn2[C@@H]1O[C@H](COP(=O)([O-])[O-])[C@@H](O)[C@H]1O,23.0
Glycine,NCC(=O)[O-],5.0
Indole 3 acetate C10H8NO2,O=C([O-])Cc1c[nH]c2ccccc12,13.0
Indole 3 acetonitrile C10H8N2,N#CCc1c[nH]c2ccccc12,12.0
D-Glyceraldehyde,O=C[C@H](O)CO,6.0
Indole 3 ethanol C10H11NO,OCCc1c[nH]c2ccccc12,12.0
Indolepyruvate C11H8NO3,O=C([O-])C(=O)Cc1c[nH]c2ccccc12,15.0
L-Malate,O=C([O-])C[C@H](O)C(=O)[O-],9.0
Myo-Inositol,O[C@H]1[C@H](O)[C@@H](O)[C@H](O)[C@@H](O)[C@H]1O,12.0
Malonyl CoA C24H33N7O19P3S,CC(C)(COP(=O)([O-])OP(=O)([O-])OC[C@H]1O[C@@H](n2cnc3c(N)ncnc32)[C@H](O)[C@@H]1OP(=O)([O-])[O-])[C@@H](O)C(=O)NCCC(=O)NCCSC(=O)CC(=O)[O-],54.0
Inosine,OC[C@H]1O[C@@H](n2cnc3c(O)ncnc32)[C@H](O)[C@@H]1O,19.0
Bicarbonate,O=C([O-])[O-],4.0
Maltose C12H22O11,OC[C@H]1O[C@H](O[C@@H]2[C@@H](CO)O[C@H](O)[C@H](O)[C@H]2O)[C@H](O)[C@@H](O)[C@@H]1O,23.0
D-Mannose 1-phosphate,O=P(O)(O)OC1O[C@H](CO)[C@@H](O)[C@H](O)[C@@H]1O,16.0
L-Homocysteine,[NH3+][C@@H](CCS)C(=O)[O-],8.0
D-Mannose 6-phosphate,O=P([O-])([O-])OC[C@H]1OC(O)[C@@H](O)[C@@H](O)[C@@H]1O,16.0
Hexadecanoate (n-C16:0),CCCCCCCCCCCCCCCC(=O)[O-],18.0
D-Mannose,OC[C@H]1OC(O)[C@@H](O)[C@@H](O)[C@@H]1O,12.0
Isopentenyl diphosphate,C=C(C)CCOP(=O)([O-])OP(=O)([O-])[O-],14.0
Mannose 1D myo Inositol 1 phosphate C12H21O14P1,O=P(O)(O)O[C@H]1[C@H](OC2O[C@H](CO)[C@@H](O)[C@H](O)[C@@H]2O)[C@@H](O)[C@H](O)[C@@H](O)[C@H]1O,27.0
Itaconyl CoA C26H35N7O19P3S,C=C(CC(=O)SCCNC(=O)CCNC(=O)[C@H](O)C(C)(C)COP(=O)([O-])OP(=O)([O-])OC[C@H]1O[C@@H](n2cnc3c(N)ncnc32)[C@H](O)[C@@H]1OP(=O)([O-])[O-])C(=O)[O-],56.0
Itaconate C5H4O4,C=C(CC(=O)O)C(=O)O,9.0
Melibiose C12H22O11,OC[C@H]1O[C@H](OC[C@H]2O[C@@H](O)[C@H](O)[C@@H](O)[C@@H]2O)[C@H](O)[C@@H](O)[C@H]1O,23.0
ITP C10H11N4O14P3,O=c1[nH]cnc2c1ncn2[C@@H]1O[C@H](COP(=O)(O)OP(=O)(O)OP(=O)(O)O)[C@@H](O)[C@H]1O,31.0
Melibiitol C12H24O11,OC[C@@H](O)[C@@H](O)[C@H](O)[C@@H](O)COC[C@H]1O[C@H](O)[C@H](O)[C@@H](O)[C@H]1O,23.0
Potassium,[K+],1.0
L-Methionine,CSCCC(N)C(=O)[O-],9.0
Trans-Hexadec-2-enoyl-CoA,CCCCCCCCCCCCC/C=C/C(=O)SCCNC(=O)CCNC(=O)[C@H](O)C(C)(C)COP(=O)([O-])OP(=O)([O-])OC[C@H]1O[C@@H](n2cnc3c(N)ncnc32)[C@H](O)[C@@H]1OP(=O)([O-])[O-],65.0
D-Lactate,C[C@@H](O)C(=O)[O-],6.0
"5,10-Methenyltetrahydrofolate",Nc1nc2c(c(=O)[nH]1)[N+]1=CN(c3ccc(C(=O)N[C@@H](CCC(=O)O)C(=O)O)cc3)C[C@H]1CN2,33.0
L-Lactate,C[C@H](O)C(=O)[O-],6.0
Heme A C49H55FeN4O6,CC(O)C=O,5.0
L-Lactaldehyde,CC(C)=CCC[C@@H](C)[C@H]1CC[C@@]2(C)C3=C(CC[C@]12C)[C@@]1(C)CC[C@H](O)C(C)(C)[C@@H]1CC3,31.0
Heme O C49H56FeN4O5,CC(O)(CCO)CC(=O)[O-],10.0
Lanosterol C30H50O,CN1c2c(nc(N)[nH]c2=O)NC[C@@H]1CNc1ccc(C(=O)N[C@@H](CCC(=O)N[C@@H](CCC(=O)N[C@@H](CCC(=O)O)C(=O)O)C(=O)O)C(=O)O)cc1,51.0
 R  Mevalonate C6H11O4,CC(C)=CCC[C@@H](C)[C@H]1CC[C@@]2(C)C3=C(CC[C@]12C)[C@@]1(C)CC[C@H](O)C(C)(C)[C@@H]1CC3,31.0
5 Methyltetrahydropteroyltri L glutamate C25H36N8O12,CC(C)C[C@H]([NH3+])C(=O)O,9.0
L-Leucine,CC(C)C[C@H]([NH3+])C(=O)O,9.0
All trans Hexaprenyl diphosphate C30H49O7P2,CC(C)=CCC/C(C)=C/CC/C(C)=C/CC/C(C)=C/CC/C(C)=C/CC/C(C)=C/COP(=O)([O-])OP(=O)([O-])[O-],39.0
1D-myo-Inositol 1-phosphate,C[C@](O)(C(=O)[O-])[C@H](CC(=O)[O-])C(=O)[O-],14.0
Methylisocitrate,O=C([O-])Cc1cc(O)ccc1O,12.0
(R)-S-Lactoylglutathione,C[C@@H](O)C(=O)SC[C@H](NC(=O)CC[C@H]([NH3+])C(=O)[O-])C(=O)NCC(=O)[O-],25.0
Homogentisate C8H7O4,O=P(O)(O)O[C@H]1[C@H](OP(=O)(O)O)[C@@H](OP(=O)(O)O)[C@H](OP(=O)(O)O)[C@@H](OP(=O)(O)O)[C@H]1OP(=O)(O)O,36.0
Myo-Inositol hexakisphosphate,NC(=O)CCCCC1CCSS1,12.0
Homoisocitrate C7H7O7,NC(Cc1c[nH]cn1)C(=O)[O-],11.0
Lipoamide C8H15NOS2,O=P(O)(O)O[C@H]1[C@H](OP(=O)(O)O)[C@@H](OP(=O)(O)O)[C@H](OP(=O)(O)O)[C@@H](OP(=O)(O)O)[C@H]1OP(=O)(O)O,36.0
L-Histidine,NC(Cc1c[nH]cn1)C(=O)[O-],11.0
L-Lysine,[NH3+]CCCCC([NH3+])C(=O)[O-],10.0
L-Histidinol phosphate,O=C([O-])CCc1c[nH]c(Cc2[nH]c(Cc3[nH]c(Cc4[nH]c(CO)c(CC(=O)[O-])c4CCC(=O)[O-])c(CC(=O)[O-])c3CCC(=O)[O-])c(CC(=O)[O-])c2CCC(=O)[O-])c1CC(=O)[O-],61.0
L-Histidinol,CC(O)(CC(=O)O)CC(=O)SCCNC(=O)CCNC(=O)[C@H](O)C(C)(C)COP(=O)(O)OP(=O)(O)OC[C@H]1O[C@@H](n2cnc3c(N)ncnc32)[C@H](O)[C@@H]1OP(=O)(O)O,58.0
Hydroxymethylbilane,CC(O)(CC(=O)O)CC(=O)SCCNC(=O)CCNC(=O)[C@H](O)C(C)(C)COP(=O)(O)OP(=O)(O)OC[C@H]1O[C@@H](n2cnc3c(N)ncnc32)[C@H](O)[C@@H]1OP(=O)(O)O,58.0
Hydroxymethylglutaryl CoA C27H39N7O20P3S,*SC(=O)CC(=O)O,7.0
Malonyl-[acyl-carrier protein],Nc1nc2c(c(=O)[nH]1)N1CN(c3ccc(C(=O)N[C@@H](CCC(=O)[O-])C(=O)[O-])cc3)C[C@H]1CN2,33.0
"5,10-Methylenetetrahydrofolate",*SC(=O)CC(=O)O,7.0
L-Homoserine,C[S+](C)CC[C@H](N)C(=O)O,10.0
S-Methyl-L-methionine,O=C([O-])C[C@H](O)C(=O)[O-],9.0
Tetrahydropteroyltri L glutamate C24H34N8O12,O=c1[nH]cnc2nc[nH]c12,10.0
Methylglyoxal,O=c1[nH]cnc2nc[nH]c12,10.0
Hypoxanthine,O=P(O)(O)O,5.0
Phosphate,[Na+],1.0
N4 Acetylaminobutanal C6H11NO2,O=O,2.0
Sodium,O=O,2.0
O2 O2,O=P(O)(O)O,5.0
Oxaloacetate,O=C([O-])c1cccnc1,9.0
Nicotinate,CCCCCCCCCCCCCCCC(=O)SCCNC(=O)CCNC(=O)[C@H](O)C(C)(C)COP(=O)([O-])OP(=O)([O-])OC[C@H]1O[C@@H](n2cnc3c(N)ncnc32)[C@H](O)[C@@H]1OP(=O)([O-])[O-],65.0
Palmitoyl-CoA (n-C16:0CoA),O=C([O-])CC(=O)C(=O)[O-],9.0
Nicotinamide adenine dinucleotide,CC(C)(CO)[C@@H](O)C(=O)NCCC(=O)[O-],15.0
(R)-Pantothenate,O=C([O-])CC(=O)C(=O)[O-],9.0
Octanoyl-CoA (n-C8:0CoA),[NH3+]Cc1[nH]cc(CCC(=O)[O-])c1CC(=O)[O-],16.0
Porphobilinogen,CCC(=O)SCCNC(=O)CCNC(=O)[C@H](O)C(C)(C)COP(=O)([O-])OP(=O)([O-])OC[C@H]1O[C@@H](n2cnc3c(N)ncnc32)[C@H](O)[C@@H]1OP(=O)([O-])[O-],52.0
Nicotinamide adenine dinucleotide - reduced,NC(=O)C1=CN([C@@H]2O[C@H](COP(=O)([O-])OP(=O)([O-])OC[C@H]3O[C@@H](n4cnc5c(N)ncnc54)[C@H](O)[C@@H]3O)[C@@H](O)[C@H]2O)C=CC1,44.0
Propanoyl-CoA,CCCCCCCCCCCCCCCCCC(=O)[O-],20.0
Octadecanoate (n-C18:0),NC(=O)C1=CN([C@@H]2O[C@H](COP(=O)([O-])OP(=O)([O-])OC[C@H]3O[C@@H](n4cnc5c(N)ncnc54)[C@H](O)[C@@H]3O)[C@@H](O)[C@H]2O)C=CC1,44.0
Prephenate,NC(=O)C1=CN([C@@H]2O[C@H](COP(=O)([O-])OP(=O)([O-])OC[C@H]3O[C@@H](n4cnc5c(N)ncnc54)[C@H](O)[C@@H]3O)[C@@H](O)[C@H]2O)C=CC1,44.0
Diphosphate,NC(=O)c1ccc[n+]([C@@H]2O[C@H](COP(=O)(O)OP(=O)(O)OC[C@H]3O[C@@H](n4cnc5c(N)ncnc54)[C@H](OP(=O)(O)O)[C@@H]3O)[C@@H](O)[C@H]2O)c1,48.0
Nicotinamide adenine dinucleotide phosphate,NC(=O)c1ccc[n+]([C@@H]2O[C@H](COP(=O)(O)OP(=O)(O)OC[C@H]3O[C@@H](n4cnc5c(N)ncnc54)[C@H](OP(=O)(O)O)[C@@H]3O)[C@@H](O)[C@H]2O)c1,48.0
Octadecenoate (n-C18:1),NC(=O)c1ccc[n+]([C@@H]2O[C@H](COP(=O)(O)OP(=O)(O)OC[C@H]3O[C@@H](n4cnc5c(N)ncnc54)[C@H](OP(=O)(O)O)[C@@H]3O)[C@@H](O)[C@H]2O)c1,48.0
5 Diphosphoinositol pentakisphosphate C6H6O27P7,NC(=O)C1=CN([C@@H]2O[C@H](COP(=O)(O)OP(=O)(O)OC[C@H]3O[C@@H](n4cnc5c(N)ncnc54)[C@H](OP(=O)(O)O)[C@@H]3O)[C@@H](O)[C@H]2O)C=CC1,48.0
Nicotinamide adenine dinucleotide phosphate - reduced,C=CC1=C(C)c2cc3[nH]c(cc4nc(cc5[nH]c(cc1n2)c(C)c5CCC(=O)O)C(CCC(=O)O)=C4C)c(C)c3C=C,42.0
Protoporphyrin,C=Cc1c2[nH]c(c1C)Cc1[nH]c(c(CCC(=O)[O-])c1C)Cc1[nH]c(c(C)c1CCC(=O)[O-])Cc1[nH]c(c(C)c1C=C)C2,42.0
Protoporphyrinogen IX,NC(=O)c1cccnc1,9.0
Nicotinamide,NC(=O)c1cccnc1,9.0
Octanoate (n-C8:0),CCCCCCCC(=O)[O-],10.0
5-Phospho-beta-D-ribosylamine,N,1.0
Ammonium,N,1.0
N-(5-Phospho-D-ribosyl)anthranilate,N=c1c2ncn([C@@H]3O[C@H](COP(=O)([O-])[O-])[C@@H](O)[C@H]3O)c2ncn1[C@@H]1O[C@H](COP(=O)([O-])[O-])[C@@H](O)[C@H]1O,36.0
1-(5-Phosphoribosyl)-AMP,N=c1c2ncn([C@@H]3O[C@H](COP(=O)(O)OP(=O)(O)OP(=O)(O)O)[C@@H](O)[C@H]3O)c2ncn1[C@@H]1O[C@H](COP(=O)(O)O)[C@@H](O)[C@H]1O,44.0
1-(5-Phosphoribosyl)-ATP,N,1.0
Trans-Octadec-2-enoyl-CoA,O=C(O)c1ccc[n+]([C@@H]2O[C@H](COP(=O)(O)O)[C@@H](O)[C@H]2O)c1,22.0
1-(5-Phosphoribosyl)-5-[(5-phosphoribosylamino)methylideneamino]imidazole-4-carboxamide,NC(=O)c1ncn([C@@H]2O[C@H](COP(=O)([O-])[O-])[C@@H](O)[C@H]2O)c1NC=NCC(=O)[C@H](O)[C@H](O)COP(=O)([O-])[O-],37.0
Nicotinate D-ribonucleotide,[OH4+2],1.0
5-[(5-phospho-1-deoxyribulos-1-ylamino)methylideneamino]-1-(5-phosphoribosyl)imidazole-4-carboxamide,[OH4+2],1.0
Hydroxide ion HO,O=C(O)c1ccc[n+]([C@@H]2O[C@H](COP(=O)(O)O)[C@@H](O)[C@H]2O)c1,22.0
NMN C11H14N2O8P,O=C([O-])C(=O)[C@H](O)COP(=O)([O-])[O-],13.0
2-Oxo-3-hydroxy-4-phosphobutanoate,[NH3+]CCC[C@H]([NH3+])C(=O)O,9.0
L-Proline,NC(=O)c1ccc[n+]([C@@H]2O[C@H](COP(=O)(O)O)[C@@H](O)[C@H]2O)c1,22.0
Ornithine,NC(=O)c1ccc[n+]([C@@H]2O[C@H](COP(=O)(O)O)[C@@H](O)[C@H]2O)c1,22.0
Orotidine 5'-phosphate,O=O,2.0
Orotate C5H3N2O4,O=C(O)CCC(C(=O)O)C(=O)C(=O)O,14.0
5-Phospho-alpha-D-ribose 1-diphosphate,O=P(O)(O)OC[C@H]1O[C@H](OP(=O)(O)OP(=O)(O)O)[C@H](O)[C@@H]1O,22.0
Oxaloglutarate C7H5O7,O=C(O)CCC(C(=O)O)C(=O)C(=O)O,14.0
Shikimate,O=C(O)Cc1ccccc1,10.0
Sulfite,O=CCc1ccccc1,9.0
Phenylacetic acid,O=S([O-])O,4.0
Phenylacetaldehyde,O=S(=O)([O-])[O-],5.0
Sulfate,O=CCc1ccccc1,9.0
O-Phospho-L-serine,CCCCCCCCCCCCCC[C@@H](O)[C@@H](O)[C@@H](N)COP(=O)(O)O,26.0
2 Phenylacetamide C8H9NO,CCCCCCCCCCCCCC[C@@H](O)[C@@H](O)[C@@H](N)COP(=O)(O)O,26.0
Phytosphingosine 1 phosphate C18H39NO6P,CCCCCCCCCCCCCCC[C@@H](O)[C@@H](N)COP(=O)(O)O,25.0
Sphinganine 1 phosphate C18H39NO5P,CCCCCCCCCCCCCC[C@@H](O)[C@@H](O)[C@@H]([NH3+])CO,22.0
Phytosphingosine C18H40NO3,CC(C)(COP(=O)([O-])[O-])C(O)C(=O)NCCC(=O)NCCS,22.0
Sphinganine C18H40NO2,CCCCCCCCCCCCCC[C@@H](O)[C@@H](O)[C@@H]([NH3+])CO,22.0
Pantetheine 4'-phosphate,CC(C)(COP(=O)([O-])[O-])C(O)C(=O)NCCC(=O)NCCS,22.0
Spermidine,CC(C)(CO)[C@@H](O)C(=O)[O-],10.0
(R)-Pantoate,[NH3+]CCCC[NH2+]CCC[NH3+],10.0
Spermine C10H30N4,Nc1ncnc2c1ncn2[C@@H]1O[C@H](COP(=O)(O)O)[C@@H](OP(=O)(O)O)[C@H]1O,27.0
"Adenosine 3',5'-bisphosphate",Nc1ncnc2c1ncn2[C@@H]1O[C@H](COP(=O)(O)O)[C@@H](OP(=O)(O)O)[C@H]1O,27.0
Squalene C30H50,Nc1ncnc2c1ncn2[C@@H]1O[C@H](COP(=O)(O)O)[C@@H](OP(=O)(O)O)[C@H]1O,27.0
3'-Phosphoadenylyl sulfate,*C(=O)OCC(COP(=O)(O)OCCN(C)C)OC(*)=O,19.0
L Sorbose C6H12O6,OCC1(O)OC[C@H](O)[C@@H](O)[C@@H]1O,12.0
Phosphatidyl N dimethylethanolamine C3940H7644N100O800P100,CCCCCCCCCCCCCCCCCC(=O)SCCNC(=O)CCNC(=O)[C@H](O)C(C)(C)COP(=O)([O-])OP(=O)([O-])OC[C@H]1O[C@@H](n2cnc3c(N)ncnc32)[C@H](O)[C@@H]1OP(=O)([O-])[O-],67.0
Stearoyl-CoA (n-C18:0CoA),O=C(O)CCC(=O)O,8.0
Succinate,O=C(O)CCC(=O)O,8.0
Pyridoxine 5'-phosphate,O=C(O)CCC(=O)O,8.0
Succinyl-CoA,CC(C)=CCC/C(C)=C/CC/C(C)=C/CC/C(C)=C/CC/C(C)=C/COP(=O)(O)OP(=O)(O)O,34.0
Putrescine,N[C@@H](CCOC(=O)CCC(=O)O)C(=O)O,15.0
All trans Pentaprenyl diphosphate C25H41O7P2,OC[C@H]1O[C@H](O[C@]2(CO)O[C@H](CO)[C@@H](O)[C@@H]2O)[C@H](O)[C@@H](O)[C@@H]1O,23.0
O-Succinyl-L-homoserine,OC[C@H]1O[C@H](O[C@]2(CO)O[C@H](CO)[C@@H](O)[C@@H]2O)[C@H](O)[C@@H](O)[C@@H]1O,23.0
Sucrose C12H22O11,CC(C)=CCC/C(C)=C/CC/C(C)=C/CC/C(C)=C/CC/C(C)=C/COP(=O)(O)OP(=O)(O)O,34.0
Phosphoenolpyruvate,Cc1ncc(COP(=O)(O)O)c(CN)c1O,16.0
Succinic semialdehyde,O=P(O)(O)OC[C@H]1OC(O)(CO)[C@@H](O)[C@H]1O,16.0
Pyridoxamine 5'-phosphate,C=C(OP(=O)(O)O)C(=O)[O-],10.0
D-Tagatose 6-phosphate,O=P([O-])([O-])OC[C@H]1OC(O)(COP(=O)([O-])[O-])[C@@H](O)[C@H]1O,20.0
"D-Tagatose 1,6-biphosphate",NCCS(=O)(=O)[O-],7.0
Pyridoxamine,Cc1ncc(COP(=O)([O-])[O-])c(C=O)c1O,16.0
Taurine C2H7NO3S,NCCS(=O)(=O)[O-],7.0
Pyridoxal 5'-phosphate,Cc1[nH+]cc(CO)c(C=O)c1O,12.0
Pyridoxal,Cc1ncc(CO)c(CO)c1O,12.0
Taurocholic acid C26H45NO7S,C[C@H](CCC(=O)NCCS(=O)(=O)O)[C@H]1CC[C@H]2[C@H]3[C@H](C[C@H](O)[C@@]21C)[C@@]1(C)CC[C@@H](O)C[C@H]1C[C@H]3O,35.0
Pyridoxine,[NH3+]C(Cc1ccccc1)C(=O)O,12.0
L-Phenylalanine,[NH3+]C(Cc1ccccc1)C(=O)O,12.0
Pyruvate,CCCCCCCCCCC/C=C/C(=O)SCCNC(=O)CCNC(=O)[C@H](O)C(C)(C)COP(=O)([O-])OP(=O)([O-])OC[C@H]1O[C@@H](n2cnc3c(N)ncnc32)[C@H](O)[C@@H]1OP(=O)([O-])[O-],63.0
Trans-Tetradec-2-enoyl-CoA,CCCCCCCCCCCCCC(=O)SCCNC(=O)CCNC(=O)[C@H](O)C(C)(C)COP(=O)(O)OP(=O)(O)OC[C@H]1O[C@@H](n2cnc3c(N)ncnc32)[C@H](O)[C@@H]1OP(=O)(O)O,63.0
Tetradecanoyl-CoA (n-C14:0CoA),CC(=O)C(=O)O,6.0
Phenethyl acetate C10H12O2,CCCCCCCCCCCCCC(=O)SCCNC(=O)CCNC(=O)[C@H](O)C(C)(C)COP(=O)(O)OP(=O)(O)OC[C@H]1O[C@@H](n2cnc3c(N)ncnc32)[C@H](O)[C@@H]1OP(=O)(O)O,63.0
Protoheme C34H30FeN4O4,COc1c(O)c(C)c(C/C=C(\C)CC/C=C(\C)CC/C=C(\C)CC/C=C(\C)CC/C=C(\C)CCC=C(C)C)c(O)c1OC,43.0
Ubiquinone 6 C39H58O4,O=C([O-])c1cccnc1C(=O)[O-],12.0
Ubiquinol 6 C39H60O4,N[C@@H](CCOP(=O)(O)O)C(=O)O,12.0
Quinolinate,O=C([O-])C(=O)Cc1ccccc1,12.0
O-Phospho-L-homoserine,O=C([O-])c1cccnc1C(=O)[O-],12.0
Phenylpyruvate,Nc1nc2c(c(=O)[nH]1)N[C@@H](CNc1ccc(C(=O)N[C@@H](CCC(=O)[O-])C(=O)[O-])cc1)CN2,32.0
"5,6,7,8-Tetrahydrofolate",O=P(O)(O)O[C@H]1O[C@H](CO)[C@@H](O)[C@H]1O,14.0
O-Phospho-4-hydroxy-L-threonine,O=P(O)(O)O,5.0
Alpha-D-Ribose 1-phosphate,Nc1nc2c(c(=O)[nH]1)N[C@@H](CNc1ccc(C(=O)N[C@@H](CCC(=O)[O-])C(=O)[O-])cc1)CN2,32.0
Tetrahydrofolyl Glu 2  C24H27N8O9,Cc1ncc(C[n+]2csc(CCO)c2C)c(N)n1.[Cl-],19.0
Thiamin,O=P(O)(O)OC[C@H]1O[C@H](O)[C@H](O)[C@@H]1O,14.0
Alpha-D-Ribose 5-phosphate,Cc1ncc(C[n+]2csc(CCO)c2C)c(N)n1.[Cl-],19.0
Raffinose C18H32O16,O=P(O)(O)O,5.0
Thiamin monophosphate,O=P(O)(O)O,5.0
D-Ribose,Cc1ncc(C[n+]2csc(CCOP(=O)(O)O)c2C)c(N)n1,22.0
Thiamine diphosphate,Cc1ncc(C[n+]2csc(CCOP(=O)([O-])OP(=O)([O-])[O-])c2C)c(N)n1,26.0
Riboflavin C17H20N4O6,Cc1ncc(C[n+]2csc(CCOP(=O)([O-])OP(=O)([O-])[O-])c2C)c(N)n1,26.0
Thiamin triphosphate C12H16N4O10P3S,C[C@@H](O)[C@H](N)C(=O)O,8.0
L-Threonine,C[C@@H](O)[C@H](N)C(=O)O,8.0
N Ribosylnicotinamide C11H15N2O5,O=C(CO)[C@H](O)[C@H](O)COP(=O)(O)O,14.0
D-Ribulose 5-phosphate,O=C(COP(=O)(O)O)[C@@H](O)[C@H](O)[C@H](O)[C@H](O)COP(=O)(O)O,22.0
"Sedoheptulose 1,7-bisphosphate",[S],1.0
Sedoheptulose 7-phosphate,Cc1c[nH]c(=O)[nH]c1=O,9.0
Sulfur,N[C@@H](CCCCN[C@@H](CCC(=O)O)C(=O)O)C(=O)O,19.0
Thymine C5H6N2O2,Cc1c[nH]c(=O)[nH]c1=O,9.0
L Saccharopine C11H19N2O6,Cc1cn([C@H]2C[C@H](O)[C@@H](CO)O2)c(=O)[nH]c1=O,17.0
Thymidine C10H14N2O5,Cc1cn([C@H]2C[C@H](O)[C@@H](CO)O2)c(=O)[nH]c1=O,17.0
D-Sorbitol,OC[C@H](O)[C@@H](O)[C@H](O)[C@H](O)CO,12.0
Oxidized thioredoxin,*N[C@@H](CSSC[C@H](N*)C(*)=O)C(*)=O,12.0
L Sorbitol C6H14O6,OC[C@H](O)[C@H](O)[C@@H](O)[C@H](O)CO,12.0
Sirohydrochlorin,[NH3+]C(Cc1c[nH]c2ccccc12)C(=O)O,15.0
S Succinyldihydrolipoamide C12H20NO4S2,NC(CO)C(=O)[O-],7.0
L-Tryptophan,O=P(O)(O)OC[C@H]1O[C@H](O[C@H]2O[C@H](CO)[C@@H](O)[C@H](O)[C@H]2O)[C@H](O)[C@@H](O)[C@@H]1O,27.0
L-Serine,[NH3+]C(Cc1c[nH]c2ccccc12)C(=O)O,15.0
"Alpha,alpha'-Trehalose 6-phosphate",NC(CO)C(=O)[O-],7.0
Trehalose,OC[C@H]1O[C@H](O[C@H]2O[C@H](CO)[C@@H](O)[C@H](O)[C@H]2O)[C@H](O)[C@@H](O)[C@@H]1O,23.0
Siroheme C42H36FeN4O16,[NH3+]C(Cc1ccc(O)cc1)C(=O)O,13.0
Shikimate 5-phosphate,[NH3+]C(Cc1ccc(O)cc1)C(=O)O,13.0
L-Tyrosine,[NH3+]C(Cc1ccc(O)cc1)C(=O)O,13.0
UDP C9H11N2O12P2,CC(=O)N[C@H]1C(OP(=O)(O)OP(=O)(O)OC[C@H]2O[C@@H](n3ccc(=O)[nH]c3=O)[C@H](O)[C@@H]2O)O[C@H](CO)[C@H](O)[C@@H]1O,39.0
UDP-N-acetyl-D-galactosamine,O=c1ccn([C@@H]2O[C@H](COP(=O)(O)OP(=O)(O)OC3O[C@H](CO)[C@H](O)[C@H](O)[C@H]3O)[C@@H](O)[C@H]2O)c(=O)[nH]1,36.0
UDPglucose,O=c1ccn([C@@H]2O[C@H](COP(=O)(O)OP(=O)(O)OC3O[C@H](CO)[C@H](O)[C@H](O)[C@H]3O)[C@@H](O)[C@H]2O)c(=O)[nH]1,36.0
UDPgalactose,O=c1ccn([C@@H]2O[C@H](COP(=O)(O)O)[C@@H](O)[C@H]2O)c(=O)[nH]1,21.0
UMP C9H11N2O9P,O=c1ccn([C@@H]2O[C@H](COP(=O)(O)O)[C@@H](O)[C@H]2O)c(=O)[nH]1,21.0
Uroporphyrinogen III,O=c1cc[nH]c(=O)[nH]1,8.0
Uracil,NC(=O)N[C@@H](O)C(=O)O,9.0
(-)-Ureidoglycolate,NC(N)=O,4.0
Urea CH4N2O,O=c1ccn([C@@H]2O[C@H](CO)[C@@H](O)[C@H]2O)c(=O)[nH]1,17.0
Uridine,O=c1ccn([C@@H]2O[C@H](COP(=O)([O-])OP(=O)([O-])OP(=O)([O-])[O-])[C@@H](O)[C@H]2O)c(=O)[nH]1,29.0
UTP C9H11N2O15P3,CC(C)C(N)C(=O)[O-],8.0
L-Valine,CC(C)C(N)C(=O)[O-],8.0
Xanthine,O=c1[nH]c(=O)c2ncn([C@@H]3O[C@H](COP(=O)([O-])[O-])[C@@H](O)[C@H]3O)c2[nH]1,24.0
Xanthosine 5'-phosphate,O=c1[nH]c(=O)c2ncn([C@@H]3O[C@H](CO)[C@@H](O)[C@H]3O)c2[nH]1,20.0
Xanthosine,O=C(CO)[C@@H](O)[C@H](O)COP(=O)(O)O,14.0
D-Xylulose 5-phosphate,OC1OC[C@@H](O)[C@H](O)[C@H]1O,10.0
D-Xylose,OC[C@H](O)[C@@H](O)[C@H](O)CO,10.0
Xylitol C5H12O5,O=C(CO)[C@@H](O)[C@H](O)CO,10.0
D-Xylulose,CC(C)=CCC[C@@H](C)[C@H]1CC[C@H]2C3=C(CC[C@@]21C)[C@@]1(C)CC[C@H](O)C[C@@H]1CC3,28.0
