name,smiles,name_id,count
Sulfate,O=S(=O)([O-])[O-],so4_e,5
Thiamin,Cc1ncc(C[n+]2csc(CCO)c2C)c(N)n1.[Cl-],thm_e,19
Trimethylamine,CN(C)C,tma_e,4
Phosphate,O=P(O)(O)O,pi_e,5
(R)-Pantothenate,CC(C)(CO)[C@@H](O)C(=O)NCCC(=O)[O-],pnto__R_e,15
L-Proline,O=C(O)C1CCCN1,pro__L_e,8
H+,[H+],h_c,0
2 3 Disphospho D glycerate C3H3O10P2,O=C([O-])C(COP(=O)([O-])[O-])OP(=O)([O-])[O-],23dpg_c,15
ATP C10H12N5O13P3,Nc1ncnc2c1ncn2[C@@H]1O[C@H](COP(=O)(O)OP(=O)(O)OP(=O)(O)O)[C@@H](O)[C@H]1O,atp_c,31
D-Glycerate 2-phosphate,O=C([O-])[C@@H](CO)OP(=O)([O-])[O-],2pg_c,11
ADP C10H12N5O10P2,Nc1ncnc2c1ncn2[C@@H]1O[C@H](COP(=O)(O)OP(=O)(O)O)[C@@H](O)[C@H]1O,adp_c,27
2-phospho-L-lactate,C[C@H](OP(=O)(O)O)C(=O)O,2plac__L_c,10
GTP C10H12N5O14P3,Nc1nc2c(ncn2[C@@H]2O[C@H](COP(=O)([O-])OP(=O)([O-])OP(=O)([O-])[O-])[C@@H](O)[C@H]2O)c(=O)[nH]1,gtp_c,32
L-Lactate,C[C@H](O)C(=O)[O-],lac__L_c,6
GDP C10H12N5O11P2,Nc1nc2c(ncn2[C@@H]2O[C@H](COP(=O)(O)OP(=O)(O)O)[C@@H](O)[C@H]2O)c(=O)[nH]1,gdp_c,28
4-Aminobenzoate,Nc1ccc(C(=O)O)cc1,4abz_c,10
Chorismate,C=C(O[C@@H]1C=C(C(=O)O)C=C[C@H]1O)C(=O)O,chor_c,16
L-Arginine,NC(=[NH2+])NCCC[C@H]([NH3+])C(=O)O,arg__L_c,12
L-Citrulline,NC(=O)NCCCC(N)C(=O)O,citr__L_c,12
N(omega)-(L-Arginino)succinate,[NH2+]=C(NCCC[C@H]([NH3+])C(=O)[O-])NC(CC(=O)[O-])C(=O)[O-],argsuc_c,20
N-Acetyl-L-glutamate 5-semialdehyde,CC(=O)N[C@@H](CCC=O)C(=O)O,acg5sa_c,12
N2-Acetyl-L-ornithine,CC(=O)N[C@@H](CCCN)C(=O)O,acorn_c,12
Riboflavin C17H20N4O6,Cc1cc2nc3c(=O)[n-]c(=O)nc-3n(C[C@H](O)[C@H](O)[C@H](O)CO)c2cc1C,ribflv_c,27
Nicotinamide adenine dinucleotide,NC(=O)c1ccc[n+]([C@@H]2O[C@H](COP(=O)([O-])OP(=O)(O)OC[C@H]3O[C@@H](n4cnc5c(N)ncnc54)[C@H](O)[C@@H]3O)[C@@H](O)[C@H]2O)c1,nad_c,44
FMN C17H19N4O9P,Cc1cc2nc3c(=O)[n-]c(=O)nc-3n(C[C@H](O)[C@H](O)[C@H](O)COP(=O)([O-])[O-])c2cc1C,fmn_c,31
Nicotinamide adenine dinucleotide - reduced,NC(=O)C1=CN([C@@H]2O[C@H](COP(=O)([O-])OP(=O)([O-])OC[C@H]3O[C@@H](n4cnc5c(N)ncnc54)[C@H](O)[C@@H]3O)[C@@H](O)[C@H]2O)C=CC1,nadh_c,44
L-Aspartate 4-semialdehyde,N[C@@H](CC=O)C(=O)O,aspsa_c,8
L-Serine,NC(CO)C(=O)[O-],ser__L_c,7
4-Phospho-L-aspartate,N[C@@H](CC(=O)OP(=O)([O-])[O-])C(=O)[O-],4pasp_c,13
H2O H2O,[OH4+2],h2o_c,1
L-Cysteine,NC(C[S-])C(=O)[O-],cys__L_c,7
AMP C10H12N5O7P,Nc1ncnc2c1ncn2[C@@H]1O[C@H](COP(=O)(O)O)[C@@H](O)[C@H]1O,amp_c,23
L-Threonine,C[C@@H](O)[C@H](N)C(=O)O,thr__L_c,8
4-Aminobutanoate,NCCCC(=O)O,4abut_c,7
"2,3-O-phytanyl-sn-glycero-1-phosphoserine",CC(C)CCC[C@@H](C)CCC[C@@H](C)CCC[C@@H](C)CCOC[C@@H](COP(=O)(O)OC[C@H](N)C(=O)O)OCC[C@H](C)CCC[C@H](C)CCC[C@H](C)CCCC(C)C,dpgps_c,56
 R  Acetoin C4H8O2,CC(=O)[C@@H](C)O,actn__R_e,6
Succinic semialdehyde,O=CCCC(=O)O,sucsal_c,7
L-Glutamate,[2H]C([2H])(C(=O)O)C([2H])([2H])C([2H])(N)C(=O)O,glu__L_c,10
L-Asparagine,NC(=O)CC(N)C(=O)O,asn__L_c,9
2-Oxoglutarate,O=C([O-])CCC(=O)C(=O)[O-],akg_c,10
Beta-Alanine,NCCC(=O)[O-],ala_B_c,6
3-Phospho-D-glyceroyl phosphate,O=C(OP(=O)([O-])[O-])[C@H](O)COP(=O)([O-])[O-],13dpg_c,15
Acetoacetyl-CoA,CC(=O)CC(=O)SCCNC(=O)CCNC(=O)[C@H](O)C(C)(C)COP(=O)(O)OP(=O)(O)OC[C@H]1O[C@@H](n2cnc3c(N)ncnc32)[C@H](O)[C@@H]1OP(=O)(O)O,aacoa_c,54
3-Phospho-D-glycerate,O=C(O)[C@H](O)COP(=O)(O)O,3pg_c,11
N-Carbamoyl-L-aspartate,NC(=O)N[C@@H](CC(=O)[O-])C(=O)[O-],cbasp_c,12
Acetyl-CoA,CC(=O)SCCNC(=O)CCNC(=O)[C@H](O)C(C)(C)COP(=O)([O-])OP(=O)([O-])OC[C@H]1O[C@@H](n2cnc3c(N)ncnc32)[C@H](O)[C@@H]1OP(=O)([O-])[O-],accoa_c,51
Carbamoyl phosphate,NC(=O)OP(=O)([O-])[O-],cbp_c,8
Coenzyme A,CC(C)(COP(=O)([O-])OP(=O)([O-])OC[C@H]1O[C@@H](n2cnc3c(N)ncnc32)[C@H](O)[C@@H]1OP(=O)([O-])[O-])[C@@H](O)C(=O)NCCC(=O)NCCS,coa_c,48
Diphosphate,O=P([O-])(O)OP(=O)([O-])O,ppi_c,9
Oxaloacetate,O=C([O-])CC(=O)C(=O)[O-],oaa_c,9
Pyruvate,CC(=O)C(=O)O,pyr_e,6
Adenosine-GDP-cobinamide,CC1=C2[N+]3=C(C=C4[N+]5=C(C(C)=C6N7[C@H]([C@H](CC(N)=O)[C@@]6(C)CCC(=O)NC[C@@H](C)OP(=O)(O)OP(=O)(O)OC[C@H]6O[C@@H](n8cnc9c(=O)[nH]c(N)nc98)[C@H](O)[C@@H]6O)[C@]6(C)[N+](=C1[C@@H](CCC(N)=O)[C@]6(C)CC(N)=O)[Co-2]753C[C@H]1O[C@@H](n3cnc5c(N)ncnc53)[C@H](O)[C@@H]1O)[C@@H](CCC(N)=O)C4(C)C)[C@@H](CCC(N)=O)[C@]2(C)CC(N)=O,agdpcbi_c,113
Adenosyl cobinamide phosphate,CC1=C2[N+]3=C(C=C4[N+]5=C(C(C)=C6N7[C@H]([C@H](CC(N)=O)[C@@]6(C)CCC(=O)NC[C@@H](C)OP(=O)(O)O)[C@]6(C)[N+](=C1[C@@H](CCC(N)=O)[C@]6(C)CC(N)=O)[Co-2]753C[C@H]1O[C@@H](n3cnc5c(N)ncnc53)[C@H](O)[C@@H]1O)[C@@H](CCC(N)=O)C4(C)C)[C@@H](CCC(N)=O)[C@]2(C)CC(N)=O,adocbip_c,90
Propanoyl-CoA,CCC(=O)SCCNC(=O)CCNC(=O)[C@H](O)C(C)(C)COP(=O)([O-])OP(=O)([O-])OC[C@H]1O[C@@H](n2cnc3c(N)ncnc32)[C@H](O)[C@@H]1OP(=O)([O-])[O-],ppcoa_c,52
N-Acetyl-L-glutamyl 5-phosphate,CC(=O)N[C@@H](CCC(=O)OP(=O)(O)O)C(=O)O,acg5p_c,17
N-Acetyl-L-glutamate,CC(=O)N[C@@H](CCC(=O)O)C(=O)O,acglu_c,13
1-(5-Phosphoribosyl)-ATP,N=c1c2ncn([C@@H]3O[C@H](COP(=O)(O)OP(=O)(O)OP(=O)(O)O)[C@@H](O)[C@H]3O)c2ncn1[C@@H]1O[C@H](COP(=O)(O)O)[C@@H](O)[C@H]1O,prbatp_c,44
2-Oxobutanoate,CCC(=O)C(=O)[O-],2obut_c,7
Atrazine,CCNc1nc(Cl)nc(NC(C)C)n1,atrz_c,14
Acetate,CC(=O)O,ac_e,4
(S)-2-Aceto-2-hydroxybutanoate,CC[C@](O)(C(C)=O)C(=O)O,2ahbut_c,10
Chloride,Cl,cl_c,1
Hydroxyatrazine,CCNc1nc(O)nc(NC(C)C)n1,hatrz_c,14
CO2 CO2,O=C=O,co2_c,3
Acetyl phosphate,CC(=O)OP(=O)([O-])O,actp_c,8
D-1-Aminopropan-2-ol O-phosphate,C[C@H](C[NH3+])OP(=O)([O-])[O-],applp_c,9
(S)-2-Acetolactate,CC(=O)[C@](C)(O)C(=O)O,alac__S_c,9
S-Adenosyl-L-methionine,C[S@@+](CC[C@H](N)C(=O)O)C[C@H]1O[C@@H](n2cnc3c(N)ncnc32)[C@H](O)[C@@H]1O,amet_c,27
Trans-Aconitate,O=C([O-])C=C(CC(=O)[O-])C(=O)[O-],acon_T_c,12
Biotin,O=C([O-])CCCC[C@@H]1SC[C@@H]2NC(=O)N[C@H]12,btn_c,16
Adenosyl-cobyric acid,CC1=C2[N+]3=C(C=C4[N+]5=C(C(C)=C6N7[C@H]([C@H](CC(N)=O)[C@@]6(C)CCC(=O)O)[C@]6(C)[N+](=C1[C@@H](CCC(N)=O)[C@]6(C)CC(N)=O)[Co-2]753C[C@H]1O[C@@H](n3cnc5c(N)ncnc53)[C@H](O)[C@@H]1O)[C@@H](CCC(N)=O)C4(C)C)[C@@H](CCC(N)=O)[C@]2(C)CC(N)=O,adcobhex_c,82
E-3-carboxy-2-pentenedioate 6-methyl ester,COC(=O)/C(=C/C(=O)[O-])CC(=O)[O-],aconm_c,13
S-Adenosyl-L-homocysteine,Nc1ncnc2c1ncn2[C@@H]1O[C@H](CSCC[C@H](N)C(=O)O)[C@@H](O)[C@H]1O,ahcys_c,26
L-Glutamine,NC(=O)CCC([NH3+])C(=O)O,gln__L_c,10
Citrate,O=C(O)CC(O)(CC(=O)O)C(=O)[O-],cit_c,13
Isocitrate,O=C([O-])CC(C(=O)[O-])C(O)C(=O)[O-],icit_c,13
Ammonium,N,nh4_c,1
Cobalt-precorrin 4,CC1OC(=O)C[C@@]2(C)[C@H](CCC(=O)O)C3=CC4=[N+]5C(=Cc6c(CC(=O)O)c(CCC(=O)O)c7n6[Co-2]56N3C12C1=C(CC(=O)O)[C@@](C)(CCC(=O)O)C(=[N+]16)C7)[C@@H](CCC(=O)O)[C@]4(C)CC(=O)O,copre4_c,65
Hypoxanthine,O=c1[nH]cnc2nc[nH]c12,hxan_c,10
"(3S)-3,6-Diaminohexanoate",[NH3+]CCC[C@H]([NH3+])CC(=O)[O-],36dahx_c,10
Adenine,Nc1ncnc2[nH]cnc12,ade_c,10
Inorganic triphosphate,O=P([O-])(O)OP(=O)([O-])OP(=O)([O-])O,pppi_c,13
IDP C10H11N4O11P2,O=c1[nH]cnc2c1ncn2[C@@H]1O[C@H](COP(=O)(O)OP(=O)(O)O)[C@@H](O)[C@H]1O,idp_c,27
ITP C10H11N4O14P3,O=c1[nH]cnc2c1ncn2[C@@H]1O[C@H](COP(=O)(O)OP(=O)(O)OP(=O)(O)O)[C@@H](O)[C@H]1O,itp_c,31
Cobalt-precorrin 8,CC1=C2[C@@H](CCC(=O)O)[C@](C)(CC(=O)O)[C@]3(C)[C@H]4[C@H](CC(=O)O)[C@@](C)(CCC(=O)O)C5=[N+]4[Co-3]4(N23)[N+]2=C1[C@@](C)(CC(=O)O)C(CCC(=O)O)=C2C[C@@]1(C)C(C)=C(CCC(=O)O)C(=[N+]14)C5C,copre8_c,64
DAMP C10H12N5O6P,Nc1ncnc2c1ncn2[C@H]1C[C@H](O)[C@@H](COP(=O)(O)O)O1,damp_c,22
Sulfur,[S],s_c,1
Cobalt-dihydro-precorrin 6,C[C@]1(CC(=O)[O-])C(CCC(=O)[O-])=C2C[C@@]3(C)C(CC(=O)[O-])=C(CCC(=O)[O-])C4=[N+]3[Co-2]35N6C(=CC1=[N+]23)[C@@H](CCC(=O)[O-])[C@](C)(CC(=O)[O-])[C@]6(C)[C@H]1[C@H](CC(=O)[O-])[C@@](C)(CCC(=O)[O-])C(=[N+]15)C4,codhpre6_c,65
DATP C10H12N5O12P3,Nc1ncnc2c1ncn2[C@H]1C[C@H](O)[C@@H](COP(=O)([O-])OP(=O)([O-])OP(=O)([O-])O)O1,datp_c,30
Cobyrinate,C/C1=C2/N=C(/C=C3\N=C(/C(C)=C4\N([Co+])[C@H]([C@H](CC(=O)[O-])[C@@]4(C)CCC(=O)[O-])[C@]4(C)N=C1[C@@H](CCC(=O)[O-])[C@]4(C)CC(=O)[O-])[C@@H](CCC(=O)[O-])C3(C)C)[C@@H](CCC(=O)[O-])[C@]2(C)CC(=O)[O-],cobya_c,64
DADP C10H12N5O9P2,Nc1ncnc2c1ncn2[C@H]1C[C@H](O)[C@@H](COP(=O)(O)OP(=O)(O)O)O1,dadp_c,26
Uracil,O=c1cc[nH]c(=O)[nH]1,ura_c,8
CAMP C10H11N5O6P,Nc1ncnc2c1ncn2[C@@H]1O[C@@H]2COP(=O)(O)O[C@H]2[C@H]1O,camp_c,22
Dethiobiotin,C[C@@H]1NC(=O)N[C@@H]1CCCCCC(=O)O,dtbt_c,15
Calcium,[Ca+2],ca2_c,1
Adenosine,Nc1ncnc2c1ncn2[C@@H]1O[C@H](CO)[C@@H](O)[C@H]1O,adn_c,19
Cytosine,Nc1cc[nH]c(=O)n1,csn_c,8
1-Aminopropan-2-ol,C[C@@H](O)C[NH3+],appl_c,5
UTP C9H11N2O15P3,O=c1ccn([C@@H]2O[C@H](COP(=O)([O-])OP(=O)([O-])OP(=O)([O-])[O-])[C@@H](O)[C@H]2O)c(=O)[nH]1,utp_c,29
GMP C10H12N5O8P,Nc1nc2c(ncn2[C@@H]2O[C@H](COP(=O)([O-])[O-])[C@@H](O)[C@H]2O)c(=O)[nH]1,gmp_c,24
Hydrogen peroxide,[O-]O,h2o2_c,2
"Cob(I)yrinate a,c diamide",CC1=C2[N+]3=C(C=C4[N+]5=C(C(C)=C6N7[C@H]([C@H](CC(=O)[O-])[C@@]6(C)CCC(=O)[O-])[C@]6(C)[N+](=C1[C@@H](CCC(=O)[O-])[C@]6(C)CC(N)=O)[Co-3]753)[C@@H](CCC(=O)[O-])C4(C)C)[C@@H](CCC(=O)[O-])[C@]2(C)CC(N)=O,co1dam_c,64
O2 O2,O=O,o2_c,2
O-Acetyl-L-serine,CC(=O)OC[C@H]([NH3+])C(=O)[O-],acser_c,10
5-Phospho-alpha-D-ribose 1-diphosphate,O=P(O)(O)OC[C@H]1O[C@H](OP(=O)(O)OP(=O)(O)O)[C@H](O)[C@@H]1O,prpp_c,22
Fumarate,O=C([O-])C=CC(=O)[O-],fum_c,8
"N6-(1,2-Dicarboxyethyl)-AMP",O=C([O-])CC(Nc1ncnc2c1ncn2[C@@H]1O[C@H](COP(=O)([O-])[O-])[C@@H](O)[C@H]1O)C(=O)[O-],dcamp_c,31
Cob(I)alamin,CC1=C2[N+]3=C(C=C4[N+]5=C(C(C)=C6N7[C@@H]8[C@H](CC(N)=O)[C@@]6(C)CCC(=O)NC[C@@H](C)OP(=O)([O-])O[C@@H]6[C@@H](CO)O[C@@H]([C@@H]6O)n6c[n+](c9cc(C)c(C)cc96)[Co-4]753[N+]3=C1[C@@H](CCC(N)=O)[C@](C)(CC(N)=O)[C@]83C)[C@@H](CCC(N)=O)C4(C)C)[C@@H](CCC(N)=O)[C@]2(C)CC(N)=O,cbl1_e,91
(S)-2-[5-Amino-1-(5-phospho-D-ribosyl)imidazole-4-carboxamido]succinate,Nc1c(C(=O)N[C@@H](CC(=O)O)C(=O)O)ncn1[C@@H]1O[C@H](COP(=O)(O)O)[C@@H](O)[C@H]1O,25aics_c,30
5-Amino-1-(5-Phospho-D-ribosyl)imidazole-4-carboxamide,NC(=O)c1ncn([C@@H]2O[C@H](COP(=O)([O-])[O-])[C@@H](O)[C@H]2O)c1N,aicar_c,22
Cadmium,[Cd+2],cd2_c,1
L-Aspartate,N[C@@H](CC(=O)O)C(=O)O,asp__L_c,9
CDP C9H12N3O11P2,Nc1ccn([C@@H]2O[C@H](COP(=O)(O)OP(=O)(O)O)[C@@H](O)[C@H]2O)c(=O)n1,cdp_c,25
IMP C10H11N4O8P,O=c1[nH]cnc2c1ncn2[C@@H]1O[C@H](COP(=O)([O-])[O-])[C@@H](O)[C@H]1O,imp_c,23
Glycerol 1-phosphate,O=P(O)(O)OCC(O)CO,glyc1p_c,10
DCMP C9H12N3O7P,Nc1ccn([C@H]2C[C@H](O)[C@@H](COP(=O)(O)O)O2)c(=O)n1,dcmp_c,20
CMP C9H12N3O8P,Nc1ccn([C@@H]2O[C@H](COP(=O)([O-])[O-])[C@@H](O)[C@H]2O)c(=O)n1,cmp_c,21
UDP C9H11N2O12P2,O=c1ccn([C@@H]2O[C@H](COP(=O)([O-])OP(=O)([O-])[O-])[C@@H](O)[C@H]2O)c(=O)[nH]1,udp_c,25
DCDP C9H12N3O10P2,Nc1ccn([C@H]2C[C@H](O)[C@@H](COP(=O)(O)OP(=O)(O)O)O2)c(=O)n1,dcdp_c,24
Copper,[Cu+2],cu2_c,1
UDP-N-acetyl-D-glucosamine,CC(=O)N[C@H]1[C@@H](OP(=O)([O-])OP(=O)([O-])OC[C@H]2O[C@@H](n3ccc(=O)[nH]c3=O)[C@H](O)[C@@H]2O)O[C@H](CO)[C@@H](O)[C@@H]1O,uacgam_c,39
CTP C9H12N3O14P3,Nc1ccn([C@@H]2O[C@H](COP(=O)([O-])OP(=O)([O-])OP(=O)([O-])O)[C@@H](O)[C@H]2O)c(=O)n1,ctp_c,29
"Meso-2,6-Diaminoheptanedioate",N[C@@H](CCC[C@@H](N)C(=O)[O-])C(=O)[O-],26dap__M_c,13
Urea CH4N2O,NC(N)=O,urea_c,4
L-Lysine,[NH3+]CCCCC([NH3+])C(=O)[O-],lys__L_c,10
Agmatine,N=C(N)NCCCCN,agm_c,9
Putrescine,NCCCCN,ptrc_c,6
"2,3,4,5-Tetrahydrodipicolinate",O=C([O-])C1=NC(C(=O)[O-])CCC1,thdp_c,12
Nicotinamide adenine dinucleotide phosphate,NC(=O)c1ccc[n+]([C@@H]2O[C@H](COP(=O)(O)OP(=O)(O)OC[C@H]3O[C@@H](n4cnc5c(N)ncnc54)[C@H](OP(=O)(O)O)[C@@H]3O)[C@@H](O)[C@H]2O)c1,nadp_c,48
D-Ribulose 5-phosphate,O=C(CO)[C@H](O)[C@H](O)COP(=O)(O)O,ru5p__D_c,14
Nicotinamide adenine dinucleotide phosphate - reduced,NC(=O)C1=CN([C@@H]2O[C@H](COP(=O)(O)OP(=O)(O)OC[C@H]3O[C@@H](n4cnc5c(N)ncnc54)[C@H](OP(=O)(O)O)[C@@H]3O)[C@@H](O)[C@H]2O)C=CC1,nadph_c,48
Myo-Inositol,O[C@H]1[C@H](O)[C@@H](O)[C@H](O)[C@@H](O)[C@H]1O,inost_c,12
"3,4-dihydroxy-2-butanone 4-phosphate",CC(=O)C(O)COP(=O)(O)O,db4p_c,11
"Cyclic 2,3-bisphospho-D-glycerate",O=C(O)[C@H]1COP(=O)(O)OP(=O)(O)O1,cdpg_c,14
L-Homocysteine,[NH3+][C@@H](CCS)C(=O)[O-],hcys__L_c,8
(S)-2-Hydroxyglutarate,O=C(O)CC[C@H](O)C(=O)O,S2hglut_c,10
DUMP C9H11N2O8P,O=c1ccn([C@H]2C[C@H](O)[C@@H](COP(=O)([O-])[O-])O2)c(=O)[nH]1,dump_c,20
4-Amino-5-hydroxymethyl-2-methylpyrimidine,Cc1ncc(CO)c(N)n1,4ahmmp_c,10
Coenzyme F390 (adenosine),C[C@H](OP(=O)(O)OC[C@@H](O)[C@@H](O)[C@@H](O)Cn1c2nc(=O)[nH]c(=O)c-2cc2ccc(OP(=O)(O)OC[C@H]3O[C@@H](n4cnc5c(N)ncnc54)[C@H](O)[C@@H]3O)cc21)C(=O)N[C@@H](CCC(=O)N[C@@H](CCC(=O)O)C(=O)O)C(=O)O,f390a_c,75
Coenzyme ferredoxin 420-2 (oxidized),C[C@H](OP(=O)([O-])OC[C@@H](O)[C@@H](O)[C@@H](O)Cn1c2nc(=O)[nH]c(=O)c-2cc2ccc(O)cc21)C(=O)N[C@@H](CCC(=O)N[C@@H](CCC(=O)[O-])C(=O)[O-])C(=O)[O-],f420_2_c,53
DUTP C9H11N2O14P3,O=c1ccn([C@H]2C[C@H](O)[C@@H](COP(=O)(O)OP(=O)(O)OP(=O)(O)O)O2)c(=O)[nH]1,dutp_c,28
Coenzyme F390 (guanosine),C[C@H](OP(=O)(O)OC[C@@H](O)[C@@H](O)[C@@H](O)Cn1c2nc(=O)[nH]c(=O)c-2cc2ccc(OP(=O)(O)OC[C@H]3O[C@@H](n4cnc5c(=O)[nH]c(N)nc54)[C@H](O)[C@@H]3O)cc21)C(=O)N[C@@H](CCC(=O)N[C@@H](CCC(=O)O)C(=O)O)C(=O)O,f390g_c,76
5-amino-1-(5-phospho-D-ribosyl)imidazole,Nc1cncn1C1O[C@H](COP(=O)(O)O)[C@@H](O)[C@H]1O,air_c,19
DCTP C9H12N3O13P3,Nc1ccn([C@H]2C[C@H](O)[C@@H](COP(=O)([O-])OP(=O)([O-])OP(=O)([O-])[O-])O2)c(=O)n1,dctp_c,28
Glycolaldehyde,O=CCO,gcald_c,4
(-)threo-iso(homo)2citrate,O=C(O)CCC[C@H](C(=O)O)[C@@H](O)C(=O)O,tih2cit_c,15
Cis-(homo)2aconitate,O=C([O-])/C=C(/CCCC(=O)[O-])C(=O)[O-],h2acon_C_c,14
Cis-(homo)3aconitate,O=C(O)/C=C(/CCCCC(=O)O)C(=O)O,h3acon_C_c,15
O Acetyl L homoserine C6H11NO4,CC(=O)OCC[C@H](N)C(=O)O,achms_c,11
Geranylgeranyl diphosphate C20H33O7P2,CC(C)=CCCC(C)=CCCC(C)=CCCC(C)=CCOP(=O)([O-])OP(=O)([O-])[O-],ggdp_c,29
Hydrogen sulfide,[SH3+],h2s_c,1
N-(6-Aminohexanoyl)-6-aminohexanoate,[NH3+]CCCCCC(=O)NCCCCCC(=O)[O-],6ax6ax_c,17
Methanethiol CH4S,CS,ch4s_e,2
6-Aminohexanoate,[NH3+]CCCCCC(=O)[O-],6ax_c,9
5-Formamido-1-(5-phospho-D-ribosyl)imidazole-4-carboxamide,NC(=O)c1ncn([C@@H]2O[C@H](COP(=O)([O-])[O-])[C@@H](O)[C@H]2O)c1NC=O,fprica_c,24
Methane,[CH2-2],ch4_e,1
"5,6,7,8-Tetrahydrofolate",Nc1nc2c(c(=O)[nH]1)N[C@@H](CNc1ccc(C(=O)N[C@@H](CCC(=O)[O-])C(=O)[O-])cc1)CN2,thf_c,32
Cis-homoaconitate,O=C([O-])/C=C(/CCC(=O)[O-])C(=O)[O-],hacon_C_c,13
10-Formyltetrahydrofolate,Nc1nc2c(c(=O)[nH]1)N[C@@H](CN(C=O)c1ccc(C(=O)N[C@@H](CCC(=O)O)C(=O)O)cc1)CN2,10fthf_c,34
Bicarbonate,O=C([O-])[O-],hco3_c,4
"(R)-2,3-Dihydroxy-3-methylbutanoate",CC(C)(O)[C@@H](O)C(=O)[O-],23dhmb_c,9
5-phosphoribosyl-5-carboxyaminoimidazole,O=C(O)Nc1cncn1[C@@H]1O[C@H](COP(=O)(O)O)[C@@H](O)[C@H]1O,5caiz_c,22
Prephenate,O=C([O-])C(=O)C[C@]1(C(=O)[O-])C=C[C@@H](O)C=C1,pphn_c,16
3-Methyl-2-oxobutanoate,CC(C)C(=O)C(=O)[O-],3mob_c,8
5-O-(1-Carboxyvinyl)-3-phosphoshikimate,C=C(O[C@@H]1CC(C(=O)[O-])=C[C@@H](OP(=O)([O-])[O-])[C@H]1O)C(=O)[O-],3psme_c,21
5-amino-1-(5-phospho-D-ribosyl)imidazole-4-carboxylate,Nc1c(C(=O)[O-])[nH+]cn1[C@@H]1O[C@H](COP(=O)([O-])[O-])[C@@H](O)[C@H]1O,5aizc_c,22
"(R)-2,3-Dihydroxy-3-methylpentanoate",CC[C@@](C)(O)[C@@H](O)C(=O)[O-],23dhmp_c,10
(R)-(homo)2citrate,O=C(O)CCC[C@@](O)(CC(=O)O)C(=O)O,Rh2cit_c,15
(S)-3-Methyl-2-oxopentanoate,CC[C@H](C)C(=O)C(=O)[O-],3mop_c,9
"2,3-Dihydrodipicolinate",O=C(O)C1=N[C@H](C(=O)O)CC=C1,23dhdp_c,12
"2-Amino-4-hydroxy-6-(erythro-1,2,3-trihydroxypropyl)dihydropteridine triphosphate",Nc1nc2c(c(=O)[nH]1)N=C([C@H](O)[C@H](O)COP(=O)(O)OP(=O)(O)OP(=O)(O)O)CN2,ahdt_c,30
"5-Oxo-4,5-dihydrofuran-2-acetate",O=C(O)CC1=CCC(=O)O1,5odhf2a_c,10
"7,8-Dihydrofolate",Nc1nc2c(c(=O)[nH]1)N=C(CNc1ccc(C(=O)N[C@@H](CCC(=O)O)C(=O)O)cc1)CN2,dhf_c,32
Dihydroneopterin,Nc1nc2c(c(=O)[nH]1)N=C([C@H](O)[C@H](O)CO)CN2,dhnpt_c,18
Dihydropteroate,Nc1nc2c(c(=O)[nH]1)N=C(CNc1ccc(C(=O)[O-])cc1)CN2,dhpt_c,23
4-Carboxymuconolactone,O=C([O-])CC1(C(=O)[O-])C=CC(=O)O1,4cml_c,13
(R)-(homo)3citrate,O=C(O)CCCC[C@@](O)(CC(=O)O)C(=O)O,Rh3cit_c,16
6-hydroxymethyl dihydropterin,Nc1nc(O)c2c(n1)NCC(CO)=N2,6hmhpt_c,14
(S)-Dihydroorotate,O=C1C[C@@H](C(=O)O)NC(=O)N1,dhor__S_c,11
Co2+,[Co+2],cobalt2_c,1
Pimeloyl-CoA,CC(C)(COP(=O)([O-])OP(=O)([O-])OC[C@H]1O[C@@H](n2cnc3c(N)ncnc32)[C@H](O)[C@@H]1OP(=O)([O-])[O-])[C@@H](O)C(=O)NCCC(=O)NCCSC(=O)CCCCCC(=O)[O-],pmcoa_c,58
Orotate C5H3N2O4,O=C(O)c1cc(=O)[nH]c(=O)[nH]1,orot_c,11
(R)-Glycerate,O=C(O)C(O)CO,glyc__R_c,7
Coenzyme b,C[C@@H](OP(=O)(O)O)[C@H](NC(=O)CCCCCCS)C(=O)O,cob_c,21
"Cob(II)yrinate a,c diamide",CC1=C2[N+]3=C(C=C4[N+]5=C(C(C)=C6N7[C@H]([C@H](CC(=O)[O-])[C@@]6(C)CCC(=O)[O-])[C@]6(C)[N+](=C1[C@@H](CCC(=O)[O-])[C@]6(C)CC(N)=O)[Co-2]753)[C@@H](CCC(=O)[O-])C4(C)C)[C@@H](CCC(=O)[O-])[C@]2(C)CC(N)=O,co2dam_c,64
L-Alanine,CC([NH3+])C(=O)O,ala__L_c,6
"Hydrogenobyrinate a,c diamide",C/C1=C2/[NH+]=C(/C=C3\[NH+]=C(/C(C)=C4\N[C@@](C)([C@@H]5[NH+]=C1[C@](C)(CCC(=O)[O-])[C@H]5CC(=O)[O-])[C@@](C)(CC(N)=O)[C@@H]4CCC(=O)[O-])[C@@](C)(CC(N)=O)[C@@H]3CCC(=O)[O-])C(C)(C)[C@@H]2CCC(=O)[O-],hgbam_c,63
Dihydroneopterin monophosphate,Nc1nc2c(c(=O)[nH]1)N=C([C@H](O)[C@H](O)COP(=O)(O)O)CN2,dhpmp_c,22
"5,6-dihydrouracil",O=C1CCNC(=O)N1,56dura_c,8
Carbon monoxide,[C-]#[O+],co_c,2
N-Carbamoyl-beta-alanine,NC(=O)NCCC(=O)O,cala_c,9
Sodium,[Na+],na1_e,1
3-Ureidoisobutyrate,CC(CNC(N)=O)C(=O)[O-],3uib_c,10
"5,6-Dihydrothymine",CC1CNC(=O)NC1=O,56dthm_c,9
Tetrahydrosarcinapterin,C[C@@H]1Nc2nc(N)[nH]c(=O)c2N[C@H]1[C@@H](C)Nc1ccc(C[C@H](O)[C@H](O)[C@H](O)CO[C@H]2O[C@H](COP(=O)([O-])O[C@@H](CCC(=O)[O-])C(=O)N[C@@H](CCC(=O)[O-])C(=O)[O-])[C@@H](O)[C@H]2O)cc1,h4spt_c,62
6-hydroxymethyl-dihydropterin pyrophosphate,Nc1nc(O)c2c(n1)NCC(COP(=O)(O)OP(=O)(O)O)=N2,6hmhptpp_c,22
N5-methyl-tetrahydrosarcinapterin,C[C@@H]1Nc2nc(N)[nH]c(=O)c2N(C)[C@H]1[C@@H](C)Nc1ccc(C[C@H](O)[C@H](O)[C@H](O)CO[C@H]2O[C@H](COP(=O)(O)O[C@@H](CCC(=O)O)C(=O)N[C@@H](CCC(=O)O)C(=O)O)[C@@H](O)[C@H]2O)cc1,mh4spt_c,63
Acetone,CC(C)=O,acetone_c,4
2-Propanol,CC(C)O,2ppoh_c,4
Coenzyme m,O=S(=O)([O-])CCS,com_c,7
3-Dehydroquinate,O=C1C[C@@](O)(C(=O)[O-])C[C@@H](O)[C@@H]1O,3dhq_c,13
Ethanol,CCO,etoh_c,3
3-Dehydroshikimate,O=C(O)C1=CC(=O)[C@@H](O)[C@H](O)C1,3dhsk_c,12
Acetaldehyde,CC=O,acald_c,3
Cobalt-precorrin-2,C[C@@]1(CC(=O)O)C2=CC3=[N+]4C(=Cc5c(CC(=O)O)c(CCC(=O)O)c6n5[Co-2]45N2C(=CC2=[N+]5C(=C(CCC(=O)O)C2CC(=O)O)C6)[C@H]1CCC(=O)O)[C@@](C)(CC(=O)O)[C@@H]3CCC(=O)O,copre2_c,63
Cobalt-precorrin 3,CC1=C2[N+]3=C(C=C4N5C(=CC6=[N+]7C(=C(CCC(=O)O)C6CC(=O)O)Cc6c(CCC(=O)O)c(CC(=O)O)c1n6[Co-2]573)[C@@H](CCC(=O)O)[C@]4(C)CC(=O)O)[C@@H](CCC(=O)O)[C@]2(C)CC(=O)O,copre3_c,64
Formaldehyde,C=O,fald_c,2
2 3 Carboxy 3  methylammonio propyl L histidine C11H18N4O4,C[NH2+]C(CCc1nc(C[C@H](N)C(=O)O)c[nH]1)C(=O)O,cmaphis_c,19
Formate,O=CO,for_c,3
2  3 Carboxy 3 aminopropyl  L histidine C10H16N4O4,NC(CCc1ncc(C[C@H](N)C(=O)O)[nH]1)C(=O)O,caphis_c,18
Dihydroxyacetone,O=C(CO)CO,dha_c,6
Dihydroxyacetone phosphate,O=C(CO)COP(=O)(O)O,dhap_c,10
6-deoxy-5-ketofructose 1-phosphate,CC(=O)[C@@H](O)[C@H](O)C(=O)COP(=O)(O)O,dkfp_c,15
8-Amino-7-oxononanoate,CC([NH3+])C(=O)CCCCCC(=O)[O-],8aonn_c,13
S-Adenosyl-4-methylthio-2-oxobutanoate,C[S+](CCC(=O)C(=O)[O-])C[C@H]1O[C@@H](n2cnc3c(N)ncnc32)[C@H](O)[C@@H]1O,amob_c,27
Fe2+ mitochondria,[Fe+2],fe2_e,1
Iron (Fe3+),[Fe+3],fe3_e,1
"7,8-Diaminononanoate",CC(N)C(N)CCCCCC(=O)[O-],dann_c,13
Glyceraldehyde 3-phosphate,O=CC(O)COP(=O)(O)O,g3p_c,10
N-(5-Phospho-D-ribosyl)anthranilate,O=C(O)c1ccccc1N[C@@H]1O[C@H](COP(=O)(O)O)[C@@H](O)[C@H]1O,pran_c,23
Methylamine,CN,mma_c,2
Anthranilate,Nc1ccccc1C(=O)O,anth_c,10
Folate,Nc1nc2ncc(CNc3ccc(C(=O)N[C@@H](CCC(=O)[O-])C(=O)[O-])cc3)nc2c(=O)[nH]1,fol_e,32
Dimethylamine,CNC,dma_c,3
Methylcoenzyme m,CSCCS(=O)(=O)[O-],mcom_c,8
Isopentenyl diphosphate,C=C(C)CCOP(=O)([O-])OP(=O)([O-])[O-],ipdp_c,14
D-Gluconate,O=C([O-])[C@H](O)[C@@H](O)[C@H](O)[C@H](O)CO,glcn_e,13
Dimethylallyl diphosphate,CC(C)=CCOP(=O)([O-])OP(=O)([O-])[O-],dmpp_c,14
D-Glucose,OC[C@H]1OC(O)[C@H](O)[C@@H](O)[C@@H]1O,glc__D_c,12
Geranyl diphosphate,CC(C)=CCC/C(C)=C/COP(=O)(O)OP(=O)(O)O,grdp_c,19
Glycine,NCC(=O)[O-],gly_e,5
D-Glyceraldehyde,O=C[C@H](O)CO,glyald_e,6
Glycine betaine,C[N+](C)(C)CC(=O)O,glyb_e,8
Glycerol,OCC(O)CO,glyc_e,6
Hydrogen,[H][H],h2_e,0
5-Phospho-beta-D-ribosylamine,N[C@@H]1O[C@H](COP(=O)(O)O)[C@@H](O)[C@H]1O,pram_c,14
4-(1-D-Ribitylamino)-5-aminouracil,Nc1c(NC[C@H](O)[C@H](O)[C@H](O)CO)[nH]c(=O)[nH]c1=O,4r5au_c,19
L-Isoleucine,CC[C@H](C)[C@H](N)C(=O)[O-],ile__L_e,9
"7,8-didemethyl-8-hydroxy-5-deazariboflavin",O=c1nc2n(C[C@H](O)[C@H](O)[C@H](O)CO)c3cc(O)ccc3cc-2c(=O)[n-]1,ddhrb_c,26
Indole 3 acetate C10H8NO2,O=C([O-])Cc1c[nH]c2ccccc12,ind3ac_e,13
Oxalate,O=C([O-])C(=O)O,oxa_c,6
3-(4-Hydroxyphenyl)pyruvate,O=C([O-])C(=O)Cc1ccc(O)cc1,34hpp_c,13
Potassium,[K+],k_e,1
Dimethyl sulfide,CSC,dms_c,3
L-Leucine,CC(C)C[C@H]([NH3+])C(=O)O,leu__L_e,9
GDP-D-mannose,Nc1nc2c(ncn2[C@@H]2O[C@H](COP(=O)([O-])OP(=O)([O-])OC3O[C@H](CO)[C@@H](O)[C@H](O)[C@@H]3O)[C@@H](O)[C@H]2O)c(=O)[nH]1,gdpmann_c,39
Sulfite,O=S([O-])O,so3_e,4
Methanol,C[O-],meoh_e,2
Xanthosine 5'-phosphate,O=c1[nH]c(=O)c2ncn([C@@H]3O[C@H](COP(=O)([O-])[O-])[C@@H](O)[C@H]3O)c2[nH]1,xmp_c,24
GDP-L-fucose,C[C@@H]1OC(OP(=O)([O-])OP(=O)([O-])OC[C@H]2O[C@@H](n3cnc4c(=O)[nH]c(N)nc43)[C@H](O)[C@@H]2O)[C@@H](O)[C@H](O)[C@@H]1O,gdpfuc_c,38
Dephospho-CoA,CC(C)(COP(=O)(O)OP(=O)(O)OC[C@H]1O[C@@H](n2cnc3c(N)ncnc32)[C@H](O)[C@@H]1O)[C@@H](O)C(=O)NCCC(=O)NCCS,dpcoa_c,44
Reduced glutathione,N[C@@H](CCC(=O)N[C@@H](CS)C(=O)NCC(=O)O)C(=O)O,gthrd_c,20
Magnesium,[Mg+2],mg2_e,1
 R  5 Diphosphomevalonate C6H10O10P2,C[C@@](O)(CCOP(=O)([O-])OP(=O)([O-])[O-])CC(=O)[O-],5dpmev_c,18
Oxidized glutathione,N[C@@H](CCC(=O)N[C@@H](CSSC[C@H](NC(=O)CC[C@H](N)C(=O)O)C(=O)NCC(=O)O)C(=O)NCC(=O)O)C(=O)O,gthox_c,40
(R)-Pantoate,CC(C)(CO)[C@@H](O)C(=O)[O-],pant__R_c,10
Manganese,[Mn+2],mn2_e,1
2-Dehydropantoate,CC(C)(CO)C(=O)C(=O)[O-],2dhp_c,10
Molybdate,O=[Mo](=O)([O-])O,mobd_e,5
Triaminopyrimidine triphosphate,c1ccc(-c2ccc(-c3ccccc3)cc2)cc1,ptp_c,18
Xanthine,O=c1[nH]c(=O)c2[nH]cnc2[nH]1,xan_c,11
Guanine,Nc1nc2[nH]cnc2c(=O)[nH]1,gua_c,11
Nitrogen,N#[NH+],n2_e,2
5-Amino-6-(5'-phosphoribitylamino)uracil,Nc1c(NC[C@H](O)[C@H](O)[C@H](O)COP(=O)([O-])[O-])[nH]c(=O)[nH]c1=O,5aprbu_c,23
Nicotinate,O=C([O-])c1cccnc1,nac_e,9
"5,6,7,8-tetrahydromethanopterin",C[C@@H]1Nc2nc(N)[nH]c(=O)c2N[C@H]1[C@@H](C)Nc1ccc(C[C@H](O)[C@H](O)[C@H](O)CO[C@H]2O[C@H](COP(=O)([O-])O[C@@H](CCC(=O)[O-])C(=O)[O-])[C@@H](O)[C@H]2O)cc1,h4mpt_c,53
DTMP C10H13N2O8P,Cc1cn([C@H]2C[C@H](O)[C@@H](COP(=O)(O)O)O2)c(=O)[nH]c1=O,dtmp_c,21
"7,8-dihydromethanopterin",C[C@@H]1Nc2nc(N)[nH]c(=O)c2N=C1[C@@H](C)Nc1ccc(C[C@H](O)[C@H](O)[C@H](O)CO[C@H]2O[C@H](COP(=O)([O-])O[C@@H](CCC(=O)[O-])C(=O)[O-])[C@@H](O)[C@H]2O)cc1,h2mpt_c,53
DTDP C10H13N2O11P2,Cc1cn([C@H]2C[C@H](O)[C@@H](COP(=O)([O-])OP(=O)([O-])[O-])O2)c(=O)[nH]c1=O,dtdp_c,25
Nickel,[Ni+2],ni2_e,1
2-Deoxy-D-ribose 1-phosphate,O=P(O)(O)OC1C[C@H](O)[C@@H](CO)O1,2dr1p_c,13
Deoxyuridine,O=c1ccn([C@H]2C[C@H](O)[C@@H](CO)O2)c(=O)[nH]1,duri_c,16
Phenylacetic acid,O=C(O)Cc1ccccc1,pac_e,10
Phosphoenolpyruvate,C=C(OP(=O)(O)O)C(=O)[O-],pep_c,10
Thiosulfate,O=S(=O)(O)[S-],tsul_e,5
Ethanolamine,[NH3+]CCO,etha_e,4
4-Hydroxyphenylacetate,CC(=O)Oc1ccc(O)cc1,4hphac_e,11
L-Valine,CC(C)C(N)C(=O)[O-],val__L_e,8
Protoporphyrin,C=CC1=C(C)c2cc3[nH]c(cc4nc(cc5[nH]c(cc1n2)c(C)c5CCC(=O)O)C(CCC(=O)O)=C4C)c(C)c3C=C,ppp9_c,42
Zinc,[Zn+2],zn2_e,1
Dihydrosirohydrochlorin,C[C@@]1(CC(=O)[O-])/C2=C/c3[nH]c(c(CCC(=O)[O-])c3CC(=O)[O-])Cc3[nH]c(c(CC(=O)[O-])c3CCC(=O)[O-])/C=C3\[NH2+]/C(=C\C(=N2)[C@H]1CCC(=O)[O-])[C@@](C)(CC(=O)[O-])[C@@H]3CCC(=O)[O-],dscl_c,62
4-Methyl-5-(2-hydroxyethyl)-thiazole,Cc1ncsc1CCO,4mhetz_c,9
5-Methylthio-5-deoxy-D-ribose 1-phosphate,CSC[C@H]1O[C@H](OP(=O)([O-])[O-])[C@H](O)[C@@H]1O,5mdr1p_c,15
4-Methyl-5-(2-phosphoethyl)-thiazole,Cc1ncsc1CCOP(=O)([O-])[O-],4mpetz_c,13
5-Methylthioadenosine,CSC[C@H]1O[C@@H](n2cnc3c(N)ncnc32)[C@H](O)[C@@H]1O,5mta_c,20
D-Fructose,OCC1(O)OC[C@@H](O)[C@@H](O)[C@@H]1O,fru_c,12
"5,10-Methenyltetrahydrofolate",Nc1nc2c(c(=O)[nH]1)[N+]1=CN(c3ccc(C(=O)N[C@@H](CCC(=O)O)C(=O)O)cc3)C[C@H]1CN2,methf_c,33
Coenzyme F430,C[C@@]1(CC(N)=O)C2=[N+]3[C@@H](C[C@]45NC(=O)C[C@@]4(C)[C@H](CCC(=O)O)C4=[N+]5[Ni-2]35N3C(=C4)[C@@H](CC(=O)O)[C@H](CCC(=O)O)C3=C3C(=O)CC[C@@H]4C3=[N+]5[C@H](C2)[C@H]4CC(=O)O)[C@H]1CCC(=O)O,f430_c,62
Histamine extracellular,[NH3+]CCc1c[nH]cn1,hista_c,8
L-Phenylalanine,[NH3+]C(Cc1ccccc1)C(=O)O,phe__L_c,12
L-Histidine,NC(Cc1c[nH]cn1)C(=O)[O-],his__L_c,11
L-Tryptophan,[NH3+]C(Cc1c[nH]c2ccccc12)C(=O)O,trp__L_c,15
L-Histidinol,[NH3+][C@H](CO)Cc1c[nH]cn1,histd_c,10
L-Histidinol phosphate,N[C@H](COP(=O)(O)O)Cc1c[nH]cn1,hisp_c,14
L-Tyrosine,[NH3+]C(Cc1ccc(O)cc1)C(=O)O,tyr__L_c,13
"D-Fructose 1,6-bisphosphate",O=P(O)(O)OC[C@H]1OC(O)(COP(=O)(O)O)[C@@H](O)[C@@H]1O,fdp_c,20
D-Fructose 1-phosphate,O=P(O)(O)OCC1(O)O[C@H](CO)[C@@H](O)[C@@H]1O,f1p_c,16
Porphobilinogen,[NH3+]Cc1[nH]cc(CCC(=O)[O-])c1CC(=O)[O-],ppbng_c,16
D-Fructose 6-phosphate,O=P(O)(O)OC[C@H]1O[C@](O)(CO)[C@@H](O)[C@@H]1O,f6p_c,16
DGTP C10H12N5O13P3,Nc1nc2c(ncn2[C@H]2C[C@H](O)[C@@H](COP(=O)(O)OP(=O)(O)OP(=O)(O)O)O2)c(=O)[nH]1,dgtp_c,31
L-Fuculose 1-phosphate,C[C@H](O)[C@@H](O)[C@@H](O)C(=O)COP(=O)(O)O,fc1p_c,15
Hydroxymethylbilane,O=C([O-])CCc1c[nH]c(Cc2[nH]c(Cc3[nH]c(Cc4[nH]c(CO)c(CC(=O)[O-])c4CCC(=O)[O-])c(CC(=O)[O-])c3CCC(=O)[O-])c(CC(=O)[O-])c2CCC(=O)[O-])c1CC(=O)[O-],hmbil_c,61
Succinyl-CoA,CC(C)(COP(=O)([O-])OP(=O)([O-])OC[C@H]1O[C@@H](n2cnc3c(N)ncnc32)[C@H](O)[C@@H]1OP(=O)([O-])[O-])[C@@H](O)C(=O)NCCC(=O)NCCSC(=O)CCC(=O)[O-],succoa_c,55
 R  Mevalonate C6H11O4,CC(O)(CCO)CC(=O)[O-],mev__R_c,10
L-Lactaldehyde,CC(O)C=O,lald__L_c,5
Hydroxymethylglutaryl CoA C27H39N7O20P3S,CC(O)(CC(=O)O)CC(=O)SCCNC(=O)CCNC(=O)[C@H](O)C(C)(C)COP(=O)(O)OP(=O)(O)OC[C@H]1O[C@@H](n2cnc3c(N)ncnc32)[C@H](O)[C@@H]1OP(=O)(O)O,hmgcoa_c,58
Deamino-NAD+,Nc1ncnc2c1ncn2[C@@H]1O[C@H](COP(=O)([O-])OP(=O)([O-])OC[C@H]2O[C@@H]([n+]3cccc(C(=O)[O-])c3)[C@H](O)[C@@H]2O)[C@@H](O)[C@H]1O,dnad_c,44
Nicotinate D-ribonucleotide,O=C(O)c1ccc[n+]([C@@H]2O[C@H](COP(=O)(O)O)[C@@H](O)[C@H]2O)c1,nicrnt_c,22
L-Homoserine,[NH3+][C@@H](CCO)C(=O)[O-],hom__L_c,8
DGDP C10H12N5O10P2,Nc1nc2c(ncn2[C@H]2C[C@H](O)[C@@H](COP(=O)([O-])OP(=O)([O-])[O-])O2)c(=O)[nH]1,dgdp_c,27
O-Phospho-L-homoserine,N[C@@H](CCOP(=O)(O)O)C(=O)O,phom_c,12
Farnesyl diphosphate,CC(C)=CCCC(C)=CCCC(C)=CCOP(=O)(O)OP(=O)(O)O,frdp_c,24
DUDP C9H11N2O11P2,O=c1ccn([C@H]2C[C@H](O)[C@@H](COP(=O)([O-])OP(=O)([O-])[O-])O2)c(=O)[nH]1,dudp_c,24
Sym-Homospermidine,[NH3+]CCCC[NH2+]CCCC[NH3+],hspmd_c,11
NMN C11H14N2O8P,NC(=O)c1ccc[n+]([C@@H]2O[C@H](COP(=O)(O)O)[C@@H](O)[C@H]2O)c1,nmn_c,22
3-(Imidazol-4-yl)-2-oxopropyl phosphate,O=C(COP(=O)([O-])[O-])Cc1c[nH]cn1,imacp_c,14
L-Malate,O=C([O-])C[C@H](O)C(=O)[O-],mal__L_c,9
D-Glucosamine 1-phosphate,N[C@H]1[C@@H](OP(=O)(O)O)O[C@H](CO)[C@@H](O)[C@@H]1O,gam1p_c,16
N-Acetyl-D-glucosamine 1-phosphate,CC(=O)N[C@H]1C(OP(=O)(O)O)O[C@H](CO)[C@@H](O)[C@@H]1O,acgam1p_c,19
5-[(5-phospho-1-deoxyribulos-1-ylamino)methylideneamino]-1-(5-phosphoribosyl)imidazole-4-carboxamide,NC(=O)c1ncn([C@@H]2O[C@H](COP(=O)([O-])[O-])[C@@H](O)[C@H]2O)c1NC=NCC(=O)[C@H](O)[C@H](O)COP(=O)([O-])[O-],prlp_c,37
D-erythro-1-(Imidazol-4-yl)glycerol 3-phosphate,O=P(O)(O)OC[C@@H](O)[C@@H](O)c1c[nH]cn1,eig3p_c,15
Quinolinate,O=C([O-])c1cccnc1C(=O)[O-],quln_c,12
1-(2-Carboxyphenylamino)-1-deoxy-D-ribulose 5-phosphate,O=C(O)c1ccccc1NCC(=O)[C@H](O)[C@H](O)COP(=O)(O)O,2cpr5p_c,23
DTDPglucose,Cc1cn([C@H]2C[C@H](O)[C@@H](COP(=O)([O-])OP(=O)([O-])O[C@H]3O[C@H](CO)[C@@H](O)[C@H](O)[C@H]3O)O2)c(=O)[nH]c1=O,dtdpglu_c,36
Nitrite,O=N[O-],no2_c,3
DTTP C10H13N2O14P3,Cc1cn([C@H]2C[C@H](O)[C@@H](COP(=O)([O-])OP(=O)([O-])OP(=O)([O-])[O-])O2)c(=O)[nH]c1=O,dttp_c,29
C'-(3-Indolyl)-glycerol 3-phosphate,O=P([O-])([O-])OC[C@@H](O)[C@@H](O)c1c[nH]c2ccccc12,3ig3p_c,19
D-Glucose 1-phosphate,O=P(O)(O)O[C@H]1O[C@H](CO)[C@@H](O)[C@H](O)[C@H]1O,g1p_c,16
Ornithine,[NH3+]CCC[C@H]([NH3+])C(=O)O,orn_c,9
5-Amino-4-oxopentanoate,[NH3+]CC(=O)CCC(=O)[O-],5aop_c,9
UMP C9H11N2O9P,O=c1ccn([C@@H]2O[C@H](COP(=O)(O)O)[C@@H](O)[C@H]2O)c(=O)[nH]1,ump_c,21
L-Glutamate 1-semialdehyde,N[C@H](C=O)CCC(=O)O,glu1sa_c,9
Orotidine 5'-phosphate,O=C([O-])c1cc(=O)[nH]c(=O)n1[C@@H]1O[C@H](COP(=O)([O-])[O-])[C@@H](O)[C@H]1O,orot5p_c,24
5-Oxoproline,O=C1CCC(C(=O)O)N1,5oxpro_c,9
1-Pyrroline-5-carboxylate,O=C(O)[C@@H]1CCC=N1,1pyr5c_c,8
L-Glutamate 5-semialdehyde,[NH3+][C@@H](CCC=O)C(=O)[O-],glu5sa_c,9
L-Glutamate 5-phosphate,[NH3+][C@@H](CCC(=O)OP(=O)([O-])[O-])C(=O)[O-],glu5p_c,14
"6-phospho-D-glucono-1,5-lactone",O=C1O[C@H](COP(=O)([O-])[O-])[C@@H](O)[C@H](O)[C@H]1O,6pgl_c,16
2-Inosose,O=C1[C@@H](O)[C@H](O)[C@@H](O)[C@H](O)[C@H]1O,2ins_c,12
Oxidized thioredoxin,*N[C@@H](CSSC[C@H](N*)C(*)=O)C(*)=O,trdox_c,12
Indolepyruvate C11H8NO3,O=C([O-])C(=O)Cc1c[nH]c2ccccc12,indpyr_c,15
D-Glucose 6-phosphate,O=P([O-])([O-])OC[C@H]1OC(O)[C@H](O)[C@@H](O)[C@@H]1O,g6p_c,16
Alpha-D-Galactose 1-phosphate,O=P(O)(O)OC1O[C@H](CO)[C@H](O)[C@H](O)[C@H]1O,gal1p_c,16
S-2-(indol-3-yl)acetyl-CoA,CC(C)(COP(=O)(O)OP(=O)(O)OC[C@H]1O[C@@H](n2cnc3c(N)ncnc32)[C@H](O)[C@@H]1OP(=O)(O)O)[C@@H](O)C(=O)NCCC(=O)NCCSC(=O)Cc1c[nH]c2ccccc12,indaccoa_c,60
"Adenosine 3',5'-bisphosphate",Nc1ncnc2c1ncn2[C@@H]1O[C@H](COP(=O)(O)O)[C@@H](OP(=O)(O)O)[C@H]1O,pap_c,27
Phenylacetyl-CoA,CC(C)(COP(=O)(O)OP(=O)(O)OC[C@H]1O[C@@H](n2cnc3c(N)ncnc32)[C@H](O)[C@@H]1OP(=O)(O)O)[C@@H](O)C(=O)NCCC(=O)NCCSC(=O)Cc1ccccc1,phaccoa_c,57
UDPgalactose,O=c1ccn([C@@H]2O[C@H](COP(=O)(O)OP(=O)(O)OC3O[C@H](CO)[C@H](O)[C@H](O)[C@H]3O)[C@@H](O)[C@H]2O)c(=O)[nH]1,udpgal_c,36
UDPglucose,O=c1ccn([C@@H]2O[C@H](COP(=O)(O)OP(=O)(O)O[C@H]3O[C@H](CO)[C@@H](O)[C@H](O)[C@H]3O)[C@@H](O)[C@H]2O)c(=O)[nH]1,udpg_c,36
Phenylpyruvate,O=C([O-])C(=O)Cc1ccccc1,phpyr_c,12
3'-Phosphoadenylyl sulfate,Nc1ncnc2c1ncn2[C@@H]1O[C@H](COP(=O)(O)OS(=O)(=O)O)[C@@H](OP(=O)(O)O)[C@H]1O,paps_c,31
N1-(5-Phospho-D-ribosyl)glycinamide,[NH3+]CC(=O)NC1O[C@H](COP(=O)([O-])[O-])[C@@H](O)[C@H]1O,gar_c,18
N2-Formyl-N1-(5-phospho-D-ribosyl)glycinamide,O=CNCC(=O)NC1O[C@H](COP(=O)([O-])[O-])[C@@H](O)[C@H]1O,fgam_c,20
3-Phosphohydroxypyruvate,O=C([O-])C(=O)COP(=O)([O-])[O-],3php_c,11
GDP-4-dehydro-6-deoxy-D-mannose,C[C@H]1O[C@H](OP(=O)([O-])OP(=O)([O-])OC[C@H]2O[C@@H](n3cnc4c(=O)[nH]c(N)nc43)[C@H](O)[C@@H]2O)[C@@H](O)[C@@H](O)C1=O,gdpddman_c,38
4 Hydroxyphenylacetyl CoA C29H42N7O18P3S,CC(C)(COP(=O)(O)OP(=O)(O)OC[C@H]1O[C@@H](n2cnc3c(N)ncnc32)[C@H](O)[C@@H]1OP(=O)(O)O)[C@@H](O)C(=O)NCCC(=O)NCCSC(=O)Cc1ccc(O)cc1,hphaccoa_c,58
2-Phosphoglycolate,O=C(O)COP(=O)(O)O,2pglyc_c,9
3-Carboxy-4-methyl-2-oxopentanoate,CC(C)[C@H](C(=O)[O-])C(=O)C(=O)[O-],3c4mop_c,12
GDP-4-oxo-L-fucose,C[C@@H]1OC(OP(=O)(O)OP(=O)(O)OC[C@H]2O[C@@H](n3cnc4c(=O)[nH]c(N)nc43)[C@H](O)[C@@H]2O)[C@@H](O)[C@H](O)C1=O,gdpofuc_c,38
Glycolate C2H3O3,O=C(O)CO,glyclt_c,5
Coenzyme ferredoxin 420-0,C[C@H](OP(=O)([O-])OC[C@@H](O)[C@@H](O)[C@@H](O)Cn1c2nc(=O)[nH]c(=O)c-2cc2ccc(O)cc21)C(=O)[O-],f420_0_c,35
Coenzyme ferredoxin 420-1,C[C@H](OP(=O)(O)OC[C@@H](O)[C@@H](O)[C@@H](O)Cn1c2nc(=O)[nH]c(=O)c-2cc2ccc(O)cc21)C(=O)N[C@@H](CCC(=O)O)C(=O)O,f420_1_c,44
3-Carboxy-2-hydroxy-4-methylpentanoate,CC(C)[C@H](C(=O)[O-])[C@@H](O)C(=O)[O-],3c2hmp_c,12
2-Isopropylmaleate,CC(C)/C(=C/C(=O)O)C(=O)O,2ippm_c,11
3-Carboxy-3-hydroxy-4-methylpentanoate,CC(C)[C@@](O)(CC(=O)O)C(=O)O,3c3hmp_c,12
2-Methyl-4-amino-5-hydroxymethylpyrimidine diphosphate,Cc1ncc(COP(=O)(O)OP(=O)(O)O)c(N)n1,2mahmp_c,18
4-Methyl-2-oxopentanoate,CC(C)CC(=O)C(=O)O,4mop_c,9
D-4'-Phosphopantothenate,CC(C)(COP(=O)([O-])O)[C@@H](O)C(=O)NCCC(=O)[O-],4ppan_c,19
Lactyl-(2)-diphospho-(5')-guanosine,C[C@H](OP(=O)([O-])OP(=O)([O-])OC[C@H]1O[C@@H](n2cnc3c(=O)[nH]c(N)nc32)[C@H](O)[C@@H]1O)C(=O)[O-],lppg_c,33
D-Glucosamine 6-phosphate,N[C@H]1C(O)O[C@H](COP(=O)(O)O)[C@@H](O)[C@@H]1O,gam6p_c,16
Propanoyl phosphate,CCC(=O)OP(=O)([O-])[O-],ppap_c,9
"5,10-Methylenetetrahydrofolate",Nc1nc2c(c(=O)[nH]1)N1CN(c3ccc(C(=O)N[C@@H](CCC(=O)[O-])C(=O)[O-])cc3)C[C@H]1CN2,mlthf_c,33
Pantetheine 4'-phosphate,CC(C)(COP(=O)([O-])[O-])C(O)C(=O)NCCC(=O)NCCS,pan4p_c,22
D-Mannose 1-phosphate,O=P(O)(O)OC1O[C@H](CO)[C@@H](O)[C@H](O)[C@@H]1O,man1p_c,16
N-((R)-4-Phosphopantothenoyl)-L-cysteine,CC(C)(COP(=O)(O)O)[C@@H](O)C(=O)NCCC(=O)N[C@@H](CS)C(=O)O,4ppcys_c,25
D-Mannose 6-phosphate,O=P([O-])([O-])OC[C@H]1OC(O)[C@@H](O)[C@@H](O)[C@@H]1O,man6p_c,16
2-(Formamido)-N1-(5-phospho-D-ribosyl)acetamidine,N=C(CNC=O)NC1O[C@H](COP(=O)(O)O)[C@@H](O)[C@H]1O,fpram_c,20
L-Methionine,CSCCC(N)C(=O)[O-],met__L_c,9
UDP-N-acetyl-D-mannosamine,CC(=O)N[C@@H]1C(OP(=O)([O-])OP(=O)([O-])OC[C@H]2O[C@@H](n3ccc(=O)[nH]c3=O)[C@H](O)[C@@H]2O)O[C@H](CO)[C@@H](O)[C@@H]1O,uacmam_c,39
N-Acetyl-D-mannosamine,CC(=O)N[C@H](C=O)[C@@H](O)[C@H](O)[C@H](O)CO,acmana_c,15
1-(5-Phosphoribosyl)-AMP,N=c1c2ncn([C@@H]3O[C@H](COP(=O)([O-])[O-])[C@@H](O)[C@H]3O)c2ncn1[C@@H]1O[C@H](COP(=O)([O-])[O-])[C@@H](O)[C@H]1O,prbamp_c,36
UDP-N-acetyl-3-O-(1-carboxyvinyl)-D-glucosamine,C=C(O[C@H]1[C@H](O)[C@@H](CO)O[C@H](OP(=O)(O)OP(=O)(O)OC[C@H]2O[C@@H](n3ccc(=O)[nH]c3=O)[C@H](O)[C@@H]2O)[C@@H]1NC(C)=O)C(=O)O,uaccg_c,44
5-Methyltetrahydrofolate,CN1c2c(nc(N)[nH]c2=O)NC[C@@H]1CNc1ccc(C(=O)N[C@@H](CCC(=O)[O-])C(=O)[O-])cc1,5mthf_c,33
1-(5-Phosphoribosyl)-5-[(5-phosphoribosylamino)methylideneamino]imidazole-4-carboxamide,NC(=O)c1ncn([C@@H]2O[C@H](COP(=O)([O-])[O-])[C@@H](O)[C@H]2O)c1/N=C/N[C@@H]1O[C@H](COP(=O)([O-])[O-])[C@@H](O)[C@H]1O,prfp_c,37
UDP-N-acetylmuramate,CC(=O)N[C@H]1[C@@H](OP(=O)([O-])OP(=O)([O-])OC[C@H]2O[C@@H](n3ccc(=O)[nH]c3=O)[C@H](O)[C@@H]2O)O[C@H](CO)[C@@H](O)[C@@H]1O[C@H](C)C(=O)[O-],uamr_c,44
UDP-D-glucuronate,O=C([O-])[C@H]1O[C@H](OP(=O)([O-])OP(=O)([O-])OC[C@H]2O[C@@H](n3ccc(=O)[nH]c3=O)[C@H](O)[C@@H]2O)[C@H](O)[C@@H](O)[C@@H]1O,udpglcur_c,37
Uroporphyrinogen III,O=C(O)CCc1c2[nH]c(c1CC(=O)O)Cc1[nH]c(c(CC(=O)O)c1CCC(=O)O)Cc1[nH]c(c(CC(=O)O)c1CCC(=O)O)Cc1[nH]c(c(CCC(=O)O)c1CC(=O)O)C2,uppg3_c,60
 R  5 Phosphomevalonate C6H10O7P,C[C@@](O)(CCOP(=O)([O-])[O-])CC(=O)[O-],5pmev_c,14
1D-myo-Inositol 1-phosphate,O=P([O-])([O-])O[C@H]1[C@H](O)[C@@H](O)[C@H](O)[C@@H](O)[C@H]1O,mi1p__D_c,16
"D-Ribose 1,5-bisphosphate",O=P(O)(O)OC[C@H]1OC(OP(=O)(O)O)[C@H](O)[C@@H]1O,r15bp_c,18
Alpha-D-Ribose 5-phosphate,O=P(O)(O)OC[C@H]1O[C@H](O)[C@H](O)[C@@H]1O,r5p_c,14
Isobutyryl-CoA,CC(C)C(=O)SCCNC(=O)CCNC(=O)[C@H](O)C(C)(C)COP(=O)([O-])OP(=O)([O-])OC[C@H]1O[C@@H](n2cnc3c(N)ncnc32)[C@H](O)[C@@H]1OP(=O)([O-])[O-],ibcoa_c,53
Shikimate 5-phosphate,O=C(O)C1=C[C@@H](OP(=O)(O)O)[C@@H](O)[C@H](O)C1,skm5p_c,16
O-Phospho-L-serine,[NH3+][C@@H](COP(=O)([O-])[O-])C(=O)[O-],pser__L_c,11
Magnesium protoporphyrin,C=CC1=C(C)C2=Cc3c(C=C)c(C)c4n3[Mg-2]35n6c(c(C)c(CCC(=O)O)c6=CC6=[N+]3C(=C4)C(C)=C6CCC(=O)O)=CC1=[N+]25,mppp9_c,43
Sl  L c,O=C(O)[C@H](O)CS(=O)(=O)O,sl__L_c,10
"6-Pyruvoyl-5,6,7,8-tetrahydropterin",CC(=O)C(=O)[C@H]1CNc2nc(N)[nH]c(=O)c2N1,6pthp_c,17
Iminoaspartate,[NH2+]=C(CC(=O)[O-])C(=O)[O-],iasp_c,9
"6,7-Dimethyl-8-(1-D-ribityl)lumazine",Cc1nc2c(=O)[n-]c(=O)nc-2n(C[C@H](O)[C@H](O)[C@H](O)CO)c1C,dmlz_c,23
D-Ribose,OC[C@H]1OC(O)[C@H](O)[C@@H]1O,rib__D_c,10
"D-Ribulose 1,5-bisphosphate",O=C(COP(=O)([O-])[O-])[C@H](O)[C@H](O)COP(=O)([O-])[O-],rb15bp_c,18
D-Xylulose 5-phosphate,O=C(CO)[C@@H](O)[C@H](O)COP(=O)(O)O,xu5p__D_c,14
2-(sulfomethyl)thiazolidine-4-carboxylic acid,O=C(O)[C@@H]1CSC(CS(=O)(=O)O)N1,2tcc_c,13
Sirohydrochlorin,C[C@@]1(CC(=O)[O-])c2cc3[nH]c(cc4nc(cc5[nH]c(cc(n2)[C@H]1CCC(=O)[O-])[C@@](C)(CC(=O)[O-])[C@@H]5CCC(=O)[O-])C(CC(=O)[O-])=C4CCC(=O)[O-])c(CCC(=O)[O-])c3CC(=O)[O-],scl_c,62
Siroheme C42H36FeN4O16,C[C@@]1(CC(=O)O)C2=CC3=[N+]4C(=Cc5c(CCC(=O)O)c(CC(=O)O)c6n5[Fe-2]45N2C(=CC2=[N+]5C(=C6)[C@@H](CCC(=O)O)[C@]2(C)CC(=O)O)[C@H]1CCC(=O)O)C(CCC(=O)O)=C3CC(=O)O,sheme_c,63
Shikimate,O=C(O)C1=C[C@@H](O)[C@@H](O)[C@H](O)C1,skm_c,12
3-Sulfopyruvate,O=C(O)C(=O)CS(=O)(=O)O,3spyr_c,10
2-sulfoacetaldehyde,O=CCS(=O)(=O)[O-],2saa_c,7
Superoxide anion,[O]O,o2s_c,2
Succinate,O=C(O)CCC(=O)O,succ_c,8
Sedoheptulose 7-phosphate,O=C(CO)[C@@H](O)[C@H](O)[C@H](O)[C@H](O)COP(=O)(O)O,s7p_c,18
D-Erythrose 4-phosphate,O=C[C@H](O)[C@H](O)COP(=O)(O)O,e4p_c,12
DTDP-4-dehydro-6-deoxy-D-glucose,Cc1cn([C@H]2C[C@H](O)[C@@H](COP(=O)([O-])OP(=O)([O-])O[C@H]3O[C@H](C)C(=O)[C@H](O)[C@H]3O)O2)c(=O)[nH]c1=O,dtdp4d6dg_c,35
DTDP-4-dehydro-6-deoxy-L-mannose,Cc1cn([C@H]2C[C@H](O)[C@@H](COP(=O)(O)OP(=O)(O)OC3O[C@@H](C)C(=O)[C@@H](O)[C@H]3O)O2)c(=O)[nH]c1=O,dtdp4d6dm_c,35
DTDP-L-rhamnose,Cc1cn([C@H]2C[C@H](O)[C@@H](COP(=O)(O)OP(=O)(O)O[C@H]3O[C@@H](C)[C@H](O)[C@@H](O)[C@H]3O)O2)c(=O)[nH]c1=O,dtdprmn_c,35
L-Threonine O-3-phosphate,C[C@@H](OP(=O)([O-])[O-])[C@H]([NH3+])C(=O)[O-],thrp_c,12
1-deoxy-D-xylulose 5-phosphate,CC(=O)[C@@H](O)[C@H](O)COP(=O)([O-])[O-],dxyl5p_c,13
4-Hydroxy-benzyl alcohol,OCc1ccc(O)cc1,4hba_c,9
Thymidine C10H14N2O5,Cc1cn([C@H]2C[C@H](O)[C@@H](CO)O2)c(=O)[nH]c1=O,thymd_c,17
Thymine C5H6N2O2,Cc1c[nH]c(=O)[nH]c1=O,thym_c,9
Thiamin monophosphate,Cc1ncc(C[n+]2csc(CCOP(=O)(O)O)c2C)c(N)n1,thmmp_c,22
Thiamine diphosphate,Cc1ncc(C[n+]2csc(CCOP(=O)([O-])OP(=O)([O-])[O-])c2C)c(N)n1,thmpp_c,26
Indole,c1ccc2[nH]ccc2c1,indole_c,9
